id;slug;name;lat;lon;seo_title;seo_desc;h1_headline;spot_description;best_wind;danger_info
1;sylt-ellenbogen;Sylt - Ellenbogen (List);55.0514;8.4328;Kitespot Sylt Ellenbogen: ICON-D2 Windvorhersage & Guide;Aktuelle ICON-D2 Windvorhersage für den Kitespot Ellenbogen auf Sylt. Erfahre alles über das riesige Stehrevier, Gezeiten und Windrichtungen.;Kitesurfen am Ellenbogen (List auf Sylt);Der Ellenbogen in List auf Sylt ist eines der bekanntesten und schönsten Flachwasser-Mekkas in Deutschland. Das riesige, stehtiefe Revier bietet perfekte Bedingungen für Freerider, Anfänger und Freestyler bei konstantem Wind.;Der Spot funktioniert hervorragend bei Wind aus W, NW, N, NO und O. Bei südlichen Richtungen wird das Wasser extrem flach, der Wind aber ablandig und böig.;Achte unbedingt auf die starke Strömung im tiefen Fahrwasser hinter der Sandbank. Das Kiten im Fahrwasser selbst und in den ausgewiesenen Naturschutzzonen ist streng verboten. Zudem ist die Zufahrt mautpflichtig.
2;sylt-brandenburger-strand;Sylt - Brandenburger Strand (Westerland);54.9103;8.2952;Kitespot Sylt Westerland: ICON-D2 Wind & Wellen-Guide;ICON-D2 Windreport für den Brandenburger Strand in Westerland auf Sylt. Der anspruchsvolle Wellenspot für erfahrene Kitesurfer.;Kitesurfen am Brandenburger Strand (Westerland);Der Brandenburger Strand direkt vor der Promenade in Westerland ist ein anspruchsvoller Open-Ocean-Wellenspot. Hier bauen sich bei starkem Westwind massive Wellen und eine spürbare Strömung auf. Perfekt für Wave-Kiter und Fortgeschrittene.;Optimal bei Wind aus SW, W und NW (side-onshore bis onshore). Süd- oder Nordwind bringen harten Shorebreak und starke Strömungen parallel zum Strand.;Der Spot ist aufgrund von Buhnen, starker Brandung, Strömung und der direkten Nähe zur Buhnenkonstruktion absolut ungeeignet für Anfänger. Im Sommer herrscht reger Badebetrieb, die Zonenordnung ist strikt einzuhalten.
3;sylt-k4;Sylt - K4 (Hörnum);54.7950;8.2830;Kitespot Sylt K4 Hörnum: ICON-D2 Windvorhersage;Hochpräzise ICON-D2 Windvorhersage für den Kitespot K4 bei Hörnum auf Sylt. Alle Infos zu Wellenbild, Einstieg und Bedingungen vor Ort.;Kitesurfen am Spot K4 (Hörnum auf Sylt);Der Spot K4 liegt nördlich von Hörnum auf der Westseite der Insel. Es ist ein klassischer Nordsee-Wellenspot mit einer weitläufigen Sandbank, die je nach Gezeitenstand schöne brechende Wellen sauber sortiert. Der Strand bietet viel Platz zum Aufbauen.;Funktioniert am besten bei Wind aus Südwest, West und Nordwest. Bei reinem Süd- oder Nordwind weht es genau parallel zur Küstenlinie.;Die Strömungsverhältnisse an der Südspitze von Sylt sind extrem stark und dürfen niemals unterschätzt werden. Keine Stehreviere vorhanden, daher nur für erfahrene Kiter mit gutem Höhelaufen geeignet.
4;st-peter-ording-hauptstrand;St. Peter-Ording - Hauptstrand;54.3167;8.5812;Kitespot St. Peter-Ording Hauptstrand: ICON-D2 Wind;Aktueller ICON-D2 Windreport für den Hauptstrand in St. Peter-Ording. Das größte Kitesurf-Mekka Deutschlands mit riesiger Sandbank.;Kitesurfen in St. Peter-Ording (Hauptstrand / Bad);Der Hauptstrand von St. Peter-Ording (SPO) ist das unangefochtene Kitesurf-Zentrum der deutschen Nordseeküste. Die gigantische Sandbank bietet unendlich viel Platz. Je nach Tide bildet sich bei Flachwasser eine riesige Priele (Flachwasser-Lagune) oder offenes Wellenrevier.;Perfekt bei Wind aus SW, W und NW. Südwind und Nordwind wehen genau sideshore. Östliche Windrichtungen sind komplett ablandig und extrem gefährlich.;Bei Flut entsteht ein spürbarer Shorebreak an der Wasserkante. Achte auf die strikte Trennung der Kitesurf-, Windsurf- und Badezonen. Das Parken auf dem Strand ist kostenpflichtig und tideabhängig (Hochwasser beachten!).
5;st-peter-ording-suedstrand;St. Peter-Ording - Südstrand;54.2934;8.6141;Kitespot SPO Südstrand: ICON-D2 Vorhersage & Spotguide;ICON-D2 Wind- und Wetterdaten für den Südstrand (Dorf) in St. Peter-Ording. Die komfortable Flachwasser-Alternative bei Flut.;Kitesurfen am Südstrand in St. Peter-Ording;Der Südstrand im Ortsteil Dorf ist die etwas ruhigere Alternative zum riesigen Hauptstrand in SPO. Bei auflaufendem Wasser füllt sich das Becken vor dem Deich und bietet ein hervorragendes Freeride- und Anfängerrevier mit deutlich weniger Brandungswelle als im Norden.;Funktioniert am besten bei Wind aus Süd, Südwest und West. Bei Nordwestwind deckt das Dorf den Spot etwas ab, der Wind wird dann böig.;Der Spot ist stark tideabhängig und fällt bei Ebbe komplett trocken. Beim Einstieg muss auf Fußgänger auf der Seebrücke und Badegäste geachtet werden. Kitewiese direkt hinter dem Deich nutzen.
6;buesum-perlebucht;Büsum - Perlebucht;54.1415;8.8472;Kitespot Büsum Perlebucht: ICON-D2 Windvorhersage;Präzise ICON-D2 Winddaten für die Familienlagune Perlebucht in Büsum. Das tideunabhängige Stehrevier an der Nordsee.;Kitesurfen in der Familienlagune Büsum (Perlebucht);Die Perlebucht in Büsum ist ein künstlich angelegtes, vom offenen Meer abgetrenntes Becken. Dadurch ist der Spot im Gegensatz zur restlichen Nordsee komplett tideunabhängig und bietet ein dauerhaft stehtiefes Flachwasserrevier, das ideal für Anfänger und Freestyler ist.;Beste Windrichtungen sind Südwest, West und Nordwest. Da das Becken von Land umschlossen ist, sind alle anderen Richtungen sehr böig oder abgeschattet.;Aufgrund der begrenzten Größe des Beckens kann es an windigen Wochenenden extrem voll werden. Es gilt eine strikte Absprache und Rücksichtnahme zwischen Kiteschulen, Anfängern und Badegästen.
7;norderney-nordstrand;Norderney - Nordstrand;53.7145;7.1550;Kitespot Norderney Nordstrand: ICON-D2 Wind & Wellen;ICON-D2 Windvorhersage für den Nordstrand auf Norderney. Anspruchsvoller Nordsee-Wellenspot für fortgeschrittene Kiter.;Kitesurfen am Nordstrand von Norderney;Der Nordstrand von Norderney (nahe der Promenade / Cornelius) bietet bei starkem West- bis Nordwestwind erstklassige Bedingungen für Wellen-Liebhaber. Die Wellen brechen sauber über vorgelagerten Sandbänken, dazwischen gibt es Strömungen und tiefe Rinnen.;Optimal bei Wind aus SW, W, NW und N. Bei Ostwind weht es ablandig, was auf der offenen Nordsee extreme Gefahren birgt.;Kein Stehrevier vorhanden. Der Spot ist durch starke Gezeitenströmungen, Buhnenreste im Wasser und heftigen Shorebreak bei Flut nur für erfahrene Kitesurfer zu empfehlen. Badezonen beachten!
8;norderney-januskopf;Norderney - Januskopf;53.7170;7.1420;Kitespot Norderney Januskopf: ICON-D2 Live-Wind;Aktueller ICON-D2 Windreport für den Kitespot Januskopf auf Norderney. Offizieller Surfstrand mit exzellenter Infrastruktur.;Kitesurfen am Januskopf (Norderney);Der Januskopf ist der offizielle Surf- und Kitespot auf Norderney und liegt direkt westlich an den Nordstrand angrenzend. Hier befindet sich auch die lokale Surfschule. Der Spot bietet feinen Sandstrand und bei den richtigen Windbedingungen eine fantastische Brandungswelle.;Funktioniert perfekt bei Südwest, West und Nordwest. Nordwind steht genau onshore und drückt massiv gegen den Strand.;Bei Hochwasser bricht die Welle direkt auf den Strand (harter Shorebreak). Anfänger sollten das Revier nur in Absprache mit der örtlichen Station nutzen und die Strömungsrichtungen der Tidenwechsel im Auge behalten.
9;borkum-nordstrand;Borkum - Nordstrand;53.5995;6.6580;Kitespot Borkum Nordstrand: ICON-D2 Wind & Gezeiten;Hochauflösende ICON-D2 Windvorhersage für den Nordstrand auf Borkum. Riesiges Nordsee-Revier mit viel Platz.;Kitesurfen am Nordstrand auf Borkum;Der Nordstrand auf Borkum bietet Kitesurfern eine gigantische Sandfläche zum Aufbauen und Starten. Je nach Gezeitenstand verändert sich das Revier komplett: Bei Ebbe entstehen stehtiefe Priele und Flachwasserbereiche hinter den Sandbänken, bei Flut läuft eine ordentliche Nordseewelle ein.;Ausgezeichnet bei Wind aus Südwest, West, Nordwest und Nord. Bei östlichen Winden weht es böig über die Insel hinweg.;Durch die exponierte Lage weit draußen in der Deutschen Bucht sind Wind und Strömung hier oft ein Stück kräftiger als am Festland. Unbedingt auf die Schifffahrtswege und Gezeitenströme achten.
10;borkum-suedstrand;Borkum - Südstrand;53.5765;6.6850;Kitespot Borkum Südstrand: ICON-D2 Windvorhersage;Präziser ICON-D2 Windreport für den Südstrand auf Borkum. Die ruhigere Alternative mit Flachwasser bei Ebbe.;Kitesurfen am Südstrand auf Borkum;Der Südstrand auf Borkum ist landschaftlich wunderschön und deutlich geschützter als der raue Nordstrand. Bei auflaufendem Wasser bildet sich hier ein schönes Freeride-Revier. Der Strand bietet viel Platz zum sicheren Auf- und Abbauen des Materials.;Funktioniert gut bei Wind aus Süd, Südwest und West. Nordwestwind wird durch die Insel leicht abgedeckt und kommt etwas unkonstant.;Bei Ebbe fällt das Revier sehr weit trocken, sodass man weit laufen muss. Achte auf die Buhnen im Uferbereich und die Strömungen im angrenzenden Hauptfahrwasser der Emsmündung.
11;amrum-kniepsand;Amrum - Kniepsand;54.6405;8.3120;Kitespot Amrum Kniepsand: ICON-D2 Wind & Spotguide;ICON-D2 Windvorhersage für den Kniepsand auf Amrum. Kitesurfen auf einer der größten Sandbänke Europas.;Kitesurfen auf dem Kniepsand (Amrum);Der Kniepsand auf Amrum ist eine gigantische, wandernde Sandbank vor der Insel. Kiter finden hier unendlich viel Platz und eine atemberaubende Naturkulisse. Je nach Tide gibt es auf der offenen Seeseite Brandungswellen und in den Prielen spiegelglattes Flachwasser.;Optimal bei Wind aus Südwest, West und Nordwest (side-onshore bis onshore). Reiner Süd- oder Nordwind weht genau parallel zum Strand.;Der Weg vom Parkplatz durch die Dünen bis zur Wasserkante ist extrem weit und gleicht einer kleinen Wanderung (Materialtransport einplanen!). Keine Rettungsstation in direkter Nähe, nur für autarke Kiter.
12;foehr-goting-cliff;Föhr - Goting Cliff;54.6820;8.4890;Kitespot Föhr Goting Cliff: ICON-D2 Windreport;Aktuelle ICON-D2 Windvorhersage für das Goting Cliff auf Föhr. Infos zum Spot für fortgeschrittene Kitesurfer.;Kitesurfen am Goting Cliff (Föhr);Das Goting Cliff im Süden von Föhr ist ein landschaftlich spektakulärer Spot. Bei Flut und starkem Wind aus Südwest baut sich hier eine ordentliche Welle auf, die über einer Sandbank bricht. Bei Ebbe zieht sich das Wasser komplett zurück.;Funktioniert am besten bei Wind aus Süd, Südwest und West. Bei Nordwind liegt der Spot im Windschatten der Insel.;Der Untergrund ist teilweise mit Steinen und Muschelfeldern durchsetzt, weshalb Neoprenschuhe ratsam sind. Aufgrund der Buhnen und der Steine ist der Spot absolut ungeeignet für Anfänger.
13;foehr-utersum;Föhr - Utersum;54.7115;8.3940;Kitespot Föhr Utersum: ICON-D2 Windvorhersage;Hochaufgelöste ICON-D2 Windvorhersage für Utersum auf Föhr. Das riesige Stehrevier mit Blick auf Amrum und Sylt.;Kitesurfen in Utersum (Föhr);Utersum an der Westküste von Föhr ist der absolute Hauptspot der Insel. Bei Hochwasser entsteht hier ein riesiges, stehtiefes Flachwasserbecken, das durch vorgelagerte Sandbänke geschützt wird. Der Spot bietet perfekte Bedingungen für Anfänger und Freestyler.;Ausgezeichnet bei Wind aus Südwest, West und Nordwest. Bei Westwind schaut man beim Kiten direkt auf die Nachbarinseln Sylt und Amrum.;Der Spot ist extrem tideabhängig – ca. 2 Stunden vor und nach Hochwasser ist die beste Zeit. Bei Ebbe zieht sich das Wasser kilometerweit zurück und das Kiten ist unmöglich.
14;cuxhaven-sahlenburg;Cuxhaven - Sahlenburg;53.8645;8.5905;Kitespot Cuxhaven Sahlenburg: ICON-D2 Wind & Tide;ICON-D2 Windvorhersage für Cuxhaven-Sahlenburg. Beliebtes Wattenmeer-Revier mit großer Kitesurf-Zone.;Kitesurfen in Cuxhaven – Sahlenburg;Sahlenburg ist einer der Top-Spots an der Elbmündung. Bei Flut entsteht hier ein sehr schönes Flachwasser- und Freeride-Revier mit großem Stehbereich. Dank der ausgewiesenen Kitezone direkt am Rettungsturm ist die Infrastruktur vor Ort hervorragend.;Perfekt bei Wind aus Südwest, West und Nordwest. Nordwind steht genau onshore (auflandig). Östliche Winde sind komplett ablandig.;Strenge Gezeitenabhängigkeit: Kiten ist nur ca. 3 Stunden rund um das Hochwasser möglich. Der Nationalpark Wattenmeer grenzt direkt an, die Schutzzonen dürfen unter keinen Umständen befahren werden.
15;cuxhaven-kugelbake;Cuxhaven - Kugelbake;53.8915;8.6830;Kitespot Cuxhaven Kugelbake: ICON-D2 Live-Wind;Aktueller ICON-D2 Windreport für die Kugelbake in Cuxhaven. Anspruchsvoller Strömungsspot an der Elbmündung.;Kitesurfen an der Kugelbake (Cuxhaven);Der Spot an der Kugelbake (Döse) liegt direkt am markanten Wahrzeichen Cuxhavens, wo die Elbe in die offene Nordsee übergeht. Hier kitet man in einer echten Flussmündung mit ordentlich Kabbelwelle und einer beeindruckenden Kulisse direkt neben den großen Containerschiffen.;Optimal bei Wind aus West-Nordwest, Nordwest und Nord. Bei Wind aus Ost bis Nordost ebenfalls gut fahrbar.;Nur für absolute Profis! Hier herrscht eine extrem starke Strömung durch die Elbe und den Gezeitenwechsel. Es gibt keinen Stehbereich und im Sommer blockieren Tausende Badegäste den Strand.
16;norddeich-badestrand;Norddeich - Badestrand;53.6240;7.1510;Kitespot Norddeich Badestrand: ICON-D2 Wind;ICON-D2 Windvorhersage für den Kitesurfstrand in Norddeich. Riesiges Stehrevier im ostfriesischen Wattenmeer.;Kitesurfen am Badestrand in Norddeich;Norddeich besitzt eine der größten und am besten organisierten Kitesurfen-Zonen an der ostfriesischen Küste. Bei Hochwasser bietet der Spot ein riesiges, stehtiefes Revier mit feinem Sanduntergrund – ideal für Schulungen, Anfänger und Freestyler.;Hervorragend bei Wind aus Südwest, West, Nordwest und Nord. Bei Nordwind baut sich eine kleine Kabbelwelle auf.;Der Spot ist strikt tideabhängig (nutzbar ca. 2 bis 3 Stunden vor bis nach Hochwasser). Außerhalb der markierten Kitezone herrscht absolutes Kitesurfverbot (Badezone und Nationalparkgrenzen).
17;hooksiel-hooksieler-strand;Hooksiel - Hooksieler Strand;53.6550;8.0550;Kitespot Hooksiel: ICON-D2 Windvorhersage & Guide;Präzise ICON-D2 Winddaten für den Kitespot Hooksiel am Jadebusen. Großes Stehrevier mit eigener Surfschule.;Kitesurfen am Hooksieler Strand;Hooksiel an der Innenseite des Jadebusens bietet Kiter-Infrastruktur vom Feinsten. Der breite Gras- und Sandstrand bietet viel Platz zum Aufbauen. Bei Flut entsteht ein weitläufiges Stehrevier mit mäßiger Kabbelwelle, das sich perfekt für alle Könnensstufen eignet.;Beste Windrichtungen sind Nordwest, Nord und Nordost. Bei West- oder Südwestwind kommt der Wind leicht ablandig über den Deich und wird böig.;Auch hier bestimmt die Ebbe den Zeitplan – bei Niedrigwasser zieht sich das Wasser weit in die Jaderinne zurück. Das Parken am Strand ist in der Hauptsaison gebührenpflichtig.
18;schillig-kitesurfstrand;Schillig - Kitesurfstrand;53.7040;8.0260;Kitespot Schillig: ICON-D2 Wind & Wetter-Report;ICON-D2 Windvorhersage für den legendären Kitespot Schillig. Das riesige Flachwasser-Mekka im Wangerland.;Kitesurfen am Kitesurfstrand in Schillig;Schillig ist einer der bekanntesten und beliebtesten Kitespots in ganz Niedersachsen. Der riesige Sandstrand geht bei auflaufendem Wasser in ein gigantisches Stehrevier über. Durch die vorgelagerten Sandbänke bleibt das Wasser im Innenbereich extrem glatt – perfekt für Freestyle.;Optimal bei Wind aus West-Nordwest, Nordwest, Nord und Nordost. Bei reinem Ostwind kommt eine schöne kleine Welle über die Sandbänke.;Bei Ebbe fällt der Spot komplett trocken. Aufgrund der hohen Beliebtheit kann es im Sommer im Stehbereich sehr voll werden. Auf die ausgewiesenen Zonen der Nationalparkverwaltung achten.
19;neuharlingersiel-hafen-strand;Neuharlingersiel - Hafen/Strand;53.7025;7.7050;Kitespot Neuharlingersiel: ICON-D2 Windvorhersage;Aktueller ICON-D2 Windreport für Neuharlingersiel. Idealer Einstieg im Sielhafenort für fortgeschrittene Kiter.;Kitesurfen am Strand von Neuharlingersiel;Neuharlingersiel bietet direkt östlich des malerischen Kuttermund-Hafens eine ausgewiesene Surf- und Kitesurfzone am Grünstrand. Bei Flut füllt sich das Becken hinter der großen Steinbuhne und bietet ein schönes, leicht kabbeliges Freeride-Revier.;Funktioniert gut bei Nordwest, Nord und Nordost. Westwind ist fahrbar, kommt aber recht nah an den Deich heran.;Der Einstieg erfolgt über eine Treppe am Steindeich, was bei starkem Wind etwas Geschick erfordert. Der Spot ist sehr eng begrenzt, daher ist exzellentes Höhelaufen und Rücksichtnahme Pflicht.
20;emden-knock;Emden - Knock;53.3340;7.0180;Kitespot Emden Knock: ICON-D2 Wind & Strömungs-Guide;ICON-D2 Winddaten für den Spot Knock bei Emden an der Emsmündung. Der anspruchsvolle Thermik- und Strömungsspot.;Kitesurfen an der Knock (Emden);Die Knock liegt westlich von Emden direkt an der schmalsten Stelle der Außenems. Der Spot ist unter Locals berühmt für seine thermischen Windverstärkungen im Frühjahr und Sommer. Es bildet sich eine steile Kabbelwelle, die ideal zum Springen ist.;Hervorragend fahrbar bei Wind aus Süd, Südwest und West. Bei Nordwestwind wird das Wasser sehr unruhig.;Absoluter Experten-Spot! Keine Stehreviere, steinige Buhnen und eine mörderische Gezeitenströmung durch die Ems. Direkt an den Spot grenzt die viel befahrene Hauptschifffahrtsstraße nach Emden.
21;bremerhaven-weser-strandbad;Bremerhaven - Weser-Strandbad;53.5386;8.5722;Kitespot Bremerhaven Weser-Strandbad: ICON-D2 Windvorhersage;Aktuelle ICON-D2 Windvorhersage für das Weser-Strandbad in Bremerhaven. Alle Infos zum Kiten auf der Unterweser.;Kitesurfen im Weser-Strandbad Bremerhaven;Das Weser-Strandbad bietet eine ungewöhnliche Kulisse direkt an der Container-Kaje. Gekitet wird hier auf der strömungsreichen Unterweser. Aufgrund des Tidenhubs und des Schiffsverkehrs ist der Spot ein reines Revier für erfahrene Locals, die mit den Bedingungen umgehen können.;Funktioniert bei Wind aus West, Nordwest und Nord. Bei Ostwind weht es komplett ablandig und extrem böig über die Stadt.;Die Strömung der Weser ist lebensgefährlich und zieht massiv. Es gibt extrem regen Schiffsverkehr (Großschifffahrt). Zudem herrscht im Sommer Badebetrieb, weshalb strikte Absprachen mit den örtlichen Behörden und der DLRG zwingend nötig sind.
22;tossens-friesenstrand;Tossens - Friesenstrand;53.5828;8.2456;Kitespot Tossens Friesenstrand: ICON-D2 Wind & Wattenmeer;ICON-D2 Windreport für den Friesenstrand in Tossens (Butjadingen). Gezeitenabhängiges Kitesurfen im UNESCO-Weltnaturerbe.;Kitesurfen in Tossens am Friesenstrand;Der Friesenstrand in Tossens bietet Kitesurfern einen Einstieg direkt ins schlickige Wattenmeer der Jadebucht. Bei auflaufendem Wasser bis zum Hochwasser bildet sich hier ein interessantes Chop- und Freeride-Revier mit einer weitläufigen Rasenfläche zum Aufbauen direkt hinterm Deich.;Optimal bei Wind aus Südwest, West und Nordwest. Bei Nordwind steht der Wind direkt onshore.;Der Spot ist extrem tideabhängig und kann nur ca. 2 Stunden vor bis 2 Stunden nach Hochwasser befahren werden. Bei Ebbe zieht sich das Wasser kilometerweit zurück. Achte auf Reusen und Buhnen im Wattbereich.
23;dorum-neufeld-kutterhafen;Dorum-Neufeld - Kutterhafen;53.7439;8.5134;Kitespot Dorum-Neufeld: ICON-D2 Wind & Gezeiten-Guide;Präzise ICON-D2 Winddaten für den Kitespot am Kutterhafen Dorum-Neufeld. Infos zu Tide, Einstieg und Bedingungen.;Kitesurfen in Dorum-Neufeld (Kutterhafen);Dorum-Neufeld liegt im Cuxland und bietet ein klassisches Wurster-Wattenmeer-Revier. Gekitet wird westlich des Kutterhafens bei Hochwasser. Der Einstieg erfolgt über den Grünstrand. Bei Flut baut sich eine kurze, kabbelige Welle auf, die ideal für Freeride und Sprünge ist.;Beste Windrichtungen sind Südwest, West und Nordwest. Nordwind bringt viel Druck direkt an die Kante.;Streng tideabhängig – bei Niedrigwasser fällt der Spot komplett trocken. Unbedingt Sicherheitsabstand zu den Hafenmolen, Fahrwassermarkierungen und dem regen Badebetrieb rund um das Wellenbad halten.
24;mellum-aussenweser;Mellum - Aussenweser;53.7208;8.1511;Kitespot Mellum Außenweser: ICON-D2 Wind & Naturschutz;ICON-D2 Windvorhersage für die Region Mellum / Außenweser. Wichtige Infos zu Verboten und Naturschutz im Wattenmeer.;Kitespot Mellum (Außenweser) – Wichtiger Hinweis;Mellum ist eine unbewohnte Insel im Nationalpark Niedersächsisches Wattenmeer. Aus SEO- und Vollständigkeitsgründen im System geführt, ist das Kitesurfen direkt an und auf der Insel Mellum zum Schutz der Seevögel und Seehunde strengstens verboten und steht unter hohen Strafen.;Meteorologisch interessant für Wind aus allen Richtungen, da die Sandbänke der Außenweser völlig frei in der Deutschen Bucht liegen.;Absolutes Kiteverbot! Nutze stattdessen die legalen und hervorragend ausgestatteten Nachbarspots auf dem Festland wie Hooksiel, Schillig oder Cuxhaven-Sahlenburg.
25;wangerooge-surfstrand;Wangerooge - Surfstrand;53.7944;7.8875;Kitespot Wangerooge Surfstrand: ICON-D2 Windvorhersage;Aktueller ICON-D2 Windreport für den offiziellen Surfstrand auf Wangerooge. Gezeiten-Spot mit Nordsee-Brandung.;Kitesurfen am Surfstrand auf Wangerooge;Der offizielle Surfstrand liegt an der Nordseite der autofreien Insel Wangerooge. Kiter finden hier feinsten Sandstrand vor. Je nach Gezeitenstand bietet der Spot Flachwasserbereiche zwischen den Sandbänken (bei Niedrigwasser) oder eine anspruchsvolle Brandungswelle bei Flut.;Perfekt bei Wind aus West, Nordwest und Nord (side-onshore bis onshore). Nordost steht ebenfalls gut.;Kein ausgeprägtes Stehrevier bei Flut. Die Gezeitenströmungen zwischen den Inseln sind extrem stark. Es gilt eine strikte Zonenregelung der Kurverwaltung, um Konflikte mit Badegästen zu vermeiden.
26;fehmarn-gold;Fehmarn - Gold;54.4150;11.1022;Kitespot Fehmarn Gold: ICON-D2 Windvorhersage & Guide;Aktuelle ICON-D2 Windvorhersage für den Kitespot Gold auf Fehmarn. Erfahre alles über das riesige Flachwasser-Stehrevier.;Kitesurfen am Kitespot Fehmarn – Gold;Der Kitespot Gold an der Südwestküste Fehmarns ist eines der legendärsten Stehreviere Deutschlands. Das stehtiefe Wasser reicht hunderte Meter weit in die Orther Reede hinein, was den Spot zum absoluten Traum für Anfänger, Kursisten und Freestyler macht.;Der Spot funktioniert am besten bei Wind aus W, NW, S und SW. Bei östlichen Windrichtungen kommt der Wind über das Land und wird sehr böig.;Im direkten Einstiegsbereich befinden sich im Frühjahr/Sommer teilweise Algenbänke und Steine. Achte auf die markierten Naturschutzbereiche östlich und westlich der Kitezone und halte Abstand zu den Schulungsgruppen.
27;fehmarn-gruener-brink;Fehmarn - Grüner Brink;54.5042;11.1964;Kitespot Grüner Brink Fehmarn: ICON-D2 Windreport;ICON-D2 Windreport für den Grünen Brink auf Fehmarn. Perfekter Ostsee-Spot bei Nordwind mit großer Sandbank.;Kitesurfen am Grünen Brink (Fehmarn);Der Grüne Brink an der Nordküste Fehmarns bietet ein abwechslungsreiches Revier. Nahe am Strand sorgt eine vorgelagerte Sandbank für eine stehtiefe Flachwasser-Lagune. Weiter draußen auf der offenen Ostsee baut sich bei starkem Wind eine saubere Welle auf.;Optimal bei Wind aus Nordwest, Nord und Nordost. Bei Westwind wird der Wind durch die Küstenlinie sehr unkonstant und böig.;Direkt hinter der Sandbank beginnt das tiefe Wasser mit einer spürbaren Strömung parallel zur Küste. Das östlich gelegene Naturschutzgebiet darf unter keinen Umständen befahren werden. Im Sommer sehr beliebter Badestrand.
28;fehmarn-lemkenhafen;Fehmarn - Lemkenhafen;54.4486;11.0967;Kitespot Lemkenhafen Fehmarn: ICON-D2 Winddaten;Präzise ICON-D2 Winddaten für Lemkenhafen auf Fehmarn. Die Flachwasser-Alternative in der Orther Reede.;Kitesurfen in Lemkenhafen (Fehmarn);Lemkenhafen liegt ebenfalls an der Orther Reede und bietet ähnlich wie Gold ein riesiges, stehtiefes Flachwasserbecken. Der Einstieg erfolgt über eine schmale Wiese. Der Spot ist besonders bei Slalom- und Freestyle-Kitern sowie Foilern sehr beliebt.;Ausgezeichnet bei Wind aus Süd, Südwest und West. Bei Nordwestwind ist der Wind hier oft noch fahrbar, wenn auch leicht böig.;Der Untergrund ist teilweise schlickig und mit Muscheln durchsetzt – Booties (Neoprenschuhe) sind für Anfänger empfohlen. Unbedingt Abstand zum Yachthafen und den Fahrrinnen der Boote halten.
29;fehmarn-orth;Fehmarn - Orth;54.4439;11.0531;Kitespot Orth Fehmarn: ICON-D2 Windvorhersage;Hochaufgelöste ICON-D2 Windvorhersage für den Kitespot Orth auf Fehmarn. Perfektes Flachwasser bei Westwind.;Kitesurfen am Kitespot Orth (Fehmarn);Der Spot in Orth liegt am westlichen Ende der Orther Reede. Hier bietet sich Kitern ein riesiges Flachwasserparadies mit großem Stehbereich. Gekitet wird meist auf der östlichen Seite der Hafenmole. Das Wasser ist spiegelglatt, was ideale Bedingungen für Speed und Freestyle liefert.;Funktioniert perfekt bei Wind aus Südwest, West und Nordwest. Südwind kommt frei über die Ostsee;Das Kiten im Hafeneinfahrtsbereich und in den Fahrrinnen ist streng verboten. Der Einstieg kann schmal sein und der Deich sorgt bei bestimmten Windrichtungen für leichte Verwirbelungen direkt an der Kante.
30;fehmarn-wulfener-hals;Fehmarn - Wulfener Hals;54.4111;11.1714;Kitespot Wulfener Hals Fehmarn: ICON-D2 Wind;Aktueller ICON-D2 Windreport für den Wulfener Hals auf Fehmarn. Das Kombi-Revier zwischen Burger Binnensee und offener Ostsee.;Kitesurfen am Wulfener Hals (Fehmarn);Der Wulfener Hals ist ein einzigartiger Spot, da er eine Landzunge zwischen dem stehtiefen, geschlossenen Burger Binnensee und der offenen Ostsee (Burgerwiek) bildet. Kiter können je nach Können und Windrichtung zwischen dem spiegelglatten Binnensee oder der Ostsee-Welle wählen.;Sehr flexibel bei Wind aus Süd, Südwest, West und Ost. Nordwind kommt leicht ablandig über den Campingplatz.;Auf dem Burger Binnensee gilt eine strikte Zonenaufteilung zwischen Windsurfern und Kitesurfern (Kiter nutzen primär die Ostsee-Seite). Der Spot wird stark durch die lokale Surfschule geprägt, hohe Dichte an Anfängern im Sommer.
31;fehmarn-altenteil;Fehmarn - Altenteil;54.4981;11.1025;Kitespot Altenteil Fehmarn: ICON-D2 Wind & Wellen;ICON-D2 Windreport für Altenteil an Fehmarns Nordküste. Der anspruchsvolle Wellenspot für Experten und Wave-Kiter.;Kitesurfen am Spot Altenteil (Fehmarn);Altenteil ist der unangefochtene Experten- und Wellenspot auf Fehmarn. Bei starkem Wind aus West-Nordwest bis Nordost rollen hier massive, saubere Wellen herein. Es gibt kein nennenswertes Stehrevier. Der Strand ist steinig und der Einstieg erfordert Erfahrung.;Optimal bei Wind aus NW, N und NO (side-onshore bis onshore). Westwind funktioniert auch, bringt aber extremen Shorebreak.;Absolut ungeeignet für Anfänger! Starke Strömung parallel zur Küste, großer Shorebreak bei Sturm und ein steiniger Untergrund im Wasser machen das Revier anspruchsvoll. Der Deichbereich bietet wenig Platz zum Aufbauen.
32;fehmarn-presen;Fehmarn - Presen;54.4789;11.2144;Kitespot Presen Fehmarn: ICON-D2 Windvorhersage;Präzise ICON-D2 Winddaten für den Kitespot Presen an Fehmarns Ostküste. Idealer Spot bei Ostwind.;Kitesurfen in Presen (Fehmarn Ostküste);Presen ist der Geheimtipp auf Fehmarn, wenn der Wind auf Nordost oder Ost dreht – Richtungen, bei denen die meisten anderen Spots auf der Insel ablandig sind. Hier weht der Wind dann frei und onshore über die Ostsee. Der Spot bietet eine kleine Wiese am Deich und einen schmalen Naturstrand.;Perfekt bei Wind aus Nordost, Ost und Südost. Bei Westwind komplett ablandig und unbrauchbar.;Der Einstiegsbereich und das Wasser sind sehr steinig, daher sind Neoprenschuhe (Booties) hier dringend empfohlen. Kein echtes Stehrevier, das Wasser wird schnell tief.
33;ruegen-suhrendorf;Rügen - Suhrendorf (Ummanz);54.4608;13.1492;Kitespot Suhrendorf Rügen: ICON-D2 Windvorhersage;Aktuelle ICON-D2 Windvorhersage für Suhrendorf auf Ummanz (Rügen). Das größte Stehrevier Deutschlands für Kiter.;Kitesurfen in Suhrendorf (Ummanz / Rügen);Suhrendorf auf der Rügen-Nachbarinsel Ummanz beherbergt das größte Stehrevier Deutschlands. Der Schaproder Bodden ist hier kilometerweit stehtief und bietet spiegelglattes Flachwasser. Perfekt für Anfänger, Freestyler und Foiler, die eine riesige Spielwiese suchen.;Ausgezeichnet bei Wind aus Südwest, West und Nordwest. Bei Ostwind steht der Wind ablandig, bleibt aber durch das flache Wasser im Stehbereich kontrollierbar.;Der Einstieg erfolgt über den lokalen Campingplatz (Zufahrt/Parken gebührenpflichtig). Im Hochsommer kann es im Stehbereich voll werden. Achte auf die Fahrrinnen der Fähren außerhalb des Stehreviers.
34;ruegen-wieker-bodden;Rügen - Wieker Bodden;54.6122;13.2842;Kitespot Wieker Bodden Rügen: ICON-D2 Windreport;ICON-D2 Windreport für den Wieker Bodden auf Rügen. Großes Flachwasserrevier mit hervorragendem Stehbereich.;Kitesurfen am Wieker Bodden (Rügen);Der Wieker Bodden im Nordwesten von Rügen ist ein erstklassiges Flachwasser- und Stehrevier. Der Spot in Wiek bietet eine breite Graswiese zum Aufbauen und einen komfortablen, stehtiefen Einstieg. Die Bedingungen sind extrem sicher, weshalb hier auch viele Schulungen stattfinden.;Optimal bei Wind aus Südwest, West und Nordwest. Nordwind kommt leicht böig über Land, ist aber fahrbar.;Der Untergrund ist teilweise mit Muscheln besetzt – Anfängern wird das Tragen von Schuhen empfohlen. Halte ausreichend Abstand zum Hafenbereich von Wiek und den dortigen Bootsstegen.
35;ruegen-thiessow;Rügen - Thiessow;54.2783;13.7144;Kitespot Thiessow Rügen: ICON-D2 Wind & Spotguide;Präzise ICON-D2 Windvorhersage für Thiessow auf Rügen. Das geniale Kombi-Revier für Welle und Flachwasser.;Kitesurfen am Spot Thiessow (Rügen);Thiessow liegt auf der Halbinsel Mönchgut im Südosten Rügens und bietet ein echtes Doppelrevier: Auf der Ostseite wartet die offene Ostsee mit toller Brandungswelle, auf der Westseite (Zicker See / Bodden) gibt es spiegelglattes Flachwasser. Perfekt für jede Könnensstufe und Windrichtung.;Sehr flexibel: Die Ostseite läuft super bei NO, O und SO. Die Boddeninsel (Westseite) funktioniert bei SW, W und NW.;Auf der Ostsee-Seite muss im Sommer auf den Badebetrieb geachtet werden. Die Bodden-Seite grenzt direkt an den Nationalpark – die ausgewiesenen Befahrensverbote und Schutzzonen sind strikt einzuhalten.
36;ruegen-rosengarten;Rügen - Rosengarten;54.2981;13.4117;Kitespot Rosengarten Rügen: ICON-D2 Live-Wind;Aktueller ICON-D2 Windreport für den Kitespot Rosengarten im Süden Rügens. Flachwasser-Geheimtipp am Strelasund.;Kitesurfen am Rosengarten (Rügen);Der Spot Rosengarten liegt an der Südküste Rügens am Rügischen Bodden. Es ist ein eher naturbelassener Spot mit einer ausgedehnten Kitewiese. Ein riesiger Stehbereich im flachen Boddenwasser macht das Revier besonders sicher und attraktiv für Freerider und Aufsteiger.;Beste Windrichtungen sind Südwest, Süd und Südost. Bei Nordwind ist der Spot komplett ablandig und durch die Abdeckung der Insel unbrauchbar.;Der Einstieg kann je nach Wasserstand etwas schlammig sein. Im Wasser befinden sich vereinzelt größere Steine (Findlinge), die man im Auge behalten sollte. Keine direkte touristische Infrastruktur vor Ort.
37;ruegen-dranske;Rügen - Dranske;54.6314;13.2219;Kitespot Dranske Rügen: ICON-D2 Windvorhersage;Hochaufgelöste ICON-D2 Windvorhersage für Dranske auf Rügen. Der Starkwind-Spot am Bug mit großem Stehbereich.;Kitesurfen in Dranske (Rügen);Dranske liegt auf der Halbinsel Wittow im Norden Rügens direkt am Wieker Bodden. Durch die schmale Landzunge zum Bug hin weht der Wind hier extrem frei und konstant. Der Spot bietet einen sehr großen Stehbereich mit Flachwasser, wird aber bei Starkwind angenehm kabbelig für ordentliche Sprünge.;Funktioniert perfekt bei Wind aus Südwest, West und Nordwest. Südwind kommt ebenfalls frei durch.;Der Einstieg ist stellenweise schmal und steinig. Achte auf die angrenzenden Schilf- und Naturschutzgürtel des Nationalparks, die nicht betreten oder befahren werden dürfen.
38;ruegen-klein-zicker;Rügen - Klein Zicker;54.2711;13.6936;Kitespot Klein Zicker Rügen: ICON-D2 Wind;ICON-D2 Wind- und Wetterdaten für Klein Zicker auf Rügen. Das geschützte Flachwasserbecken bei Südwind.;Kitesurfen in Klein Zicker (Rügen);Klein Zicker ist eine kleine Halbinsel im Südosten von Rügen. Der Spot liegt in einer geschützten Bucht des Rügischen Boddens und bietet erstklassiges Flachwasser mit einem weiten Stehbereich. Aufgrund der geschützten Lage ist das Wasser hier extrem glatt – perfekt für Oldschool-Tricks und Freestyler.;Optimal bei Wind aus Süd, Südwest und West. Bei Nordwind ist der Spot stark abgeschattet.;Der Strand- und Aufbauplatz ist relativ klein und kann an guten Tagen eng werden. Achte auf die Reusen der Fischer in der Bucht und halte dich strikt an die Grenzen zum Naturschutzgebiet Mönchgut.
39;pelzerhaken-luebecker-bucht;Pelzerhaken - Lübecker Bucht;54.0911;10.8753;Kitespot Pelzerhaken: ICON-D2 Windvorhersage & Guide;Aktuelle ICON-D2 Windvorhersage für Pelzerhaken in der Lübecker Bucht. Das Top-Revier an der schleswig-holsteinischen Ostseeküste.;Kitesurfen in Pelzerhaken (Lübecker Bucht);Pelzerhaken ist das Kitesurf-Mekka der schleswig-holsteinischen Ostseeküste. Durch den Knick in der Küstenlinie ist dies der einzige Spot der Region, an dem man bei Südwestwind side-onshore kiten kann. Ein großer, vorgelagerter Stehbereich mit Sandbänken macht den Spot für alle Könnensstufen attraktiv.;Hervorragend bei Wind aus Südwest, Süd und Südost. Ostwind bringt eine schöne Brandungswelle mit sich.;Im Stehbereich liegen einige tückische Steine und Muschelfelder (Schuhe für Anfänger empfohlen). Im Sommer herrscht extrem dichter Bade- und Schulungsbetrieb, die Zonenregeln müssen zwingend beachtet werden (kostenpflichtiges Parken).
40;heiligenhafen-graswarder;Heiligenhafen - Graswarder;54.3828;11.0022;Kitespot Heiligenhafen Graswarder: ICON-D2 Wind;ICON-D2 Windreport für Heiligenhafen (Graswarder). Das abwechslungsreiche Revier zwischen Binnensee und Ostsee.;Kitesurfen am Graswarder (Heiligenhafen);Heiligenhafen bietet am Graswarder ein extrem vielseitiges Revier. Kiter können je nach Windrichtung und Vorliebe auf der offenen Ostsee in die Welle gehen oder im geschützten, flachen Bereich hinter der Halbinsel Freeriden. Der Wind weht hier oft sehr konstant direkt von der Ostsee herein.;Beste Windrichtungen sind Nordwest, Nord und Nordost. Westwind funktioniert auf der Ostsee-Seite ebenfalls gut.;Der östliche Teil des Graswarders ist ein streng geschütztes Vogelreservat – das Betreten und Befahren ist absolut verboten! Achte beim Kiten auf der Ostsee-Seite auf die Strömung nahe der Hafeneinfahrt.
41;laboe-kieler-foerde;Laboe - Kieler Förde;54.4183;10.2222;Kitespot Laboe Kieler Förde: ICON-D2 Windvorhersage;Aktuelle ICON-D2 Windvorhersage für Laboe an der Kieler Förde. Alle Infos zu Stehbereich, Windrichtungen und Regeln.;Kitesurfen in Laboe (Kieler Förde);Laboe ist der Top-Spot direkt an der Kieler Förde. Ein großer, stehtiefer Sandbereich macht das Revier besonders bei Anfängern und Freestylern beliebt. Der Wind weht hier meist sehr konstant, und man kitet mit Blick auf die vorbeiziehenden Kreuzfahrt- und Containerschiffe.;Optimal bei Wind aus West, Nordwest und Nord (side-onshore bis onshore). Bei Südwestwind ebenfalls gut fahrbar.;Achte unbedingt auf die strikte Zonenregelung: Das Kiten ist nur in der ausgewiesenen Zone erlaubt. Das angrenzende Fahrwasser der Großschifffahrt ist absolut tabu, da dort lebensgefährliche Strömungen und Sogwirkungen herrschen.
42;heidkate-kieler-foerde;Heidkate - Kieler Förde;54.4367;10.3244;Kitespot Heidkate Kieler Förde: ICON-D2 Windreport;ICON-D2 Windreport für Heidkate an der Kieler Bucht. Abwechslungsreicher Ostsee-Spot mit Sandbänken und kleiner Welle.;Kitesurfen in Heidkate (Kieler Bucht);Heidkate liegt östlich der Kieler Förde an der offenen Ostsee. Der Spot bietet einen weitläufigen Sandstrand und mehrere vorgelagerte Sandbänke. Bei moderatem Wind ist es ein tolles Freeride-Revier, bei Starkwind baut sich weiter draußen eine ordentliche Brandungswelle für Sprünge auf.;Perfekt bei Wind aus Nordwest, Nord und Nordost. Westwind kommt sideshore, ist aber oft etwas kabbeliger.;Im Einstiegsbereich und zwischen den Sandbänken befinden sich einige Steinbuhnen, die je nach Wasserstand kaum zu sehen sind. Im Sommer herrscht reger Badebetrieb entlang der Campingplätze.
43;pepelow-salzhaff;Pepelow - Salzhaff;54.0156;11.5892;Kitespot Pepelow Salzhaff: ICON-D2 Windvorhersage;Präzise ICON-D2 Winddaten für Pepelow am Salzhaff. Das perfekte, geschützte Stehrevier für Anfänger und Aufsteiger.;Kitesurfen in Pepelow (Salzhaff);Pepelow am Salzhaff ist eines der sichersten und beliebtesten Stehreviere an der mecklenburgischen Ostseeküste. Durch die schützende Halbinsel Wustrow ist der Spot komplett vom offenen Meer abgetrennt, wodurch das Wasser spiegelglatt bleibt. Der Stehbereich reicht hunderte Meter weit ins Haff.;Ausgezeichnet bei Wind aus Südwest, West und Nordwest. Bei Ostwind ebenfalls fahrbar, dann aber flacheres Wasser direkt an der Kante.;Der Untergrund ist stellenweise schlickig und mit vereinzelten Muschelbänken durchsetzt – Neoprenschuhe sind ratsam. Aufgrund der perfekten Schulungsbedingungen kann es in den Ferienmonaten sehr voll werden.
44;saal-saaler-bodden;Saal - Saaler Bodden;54.3156;12.4836;Kitespot Saal Saaler Bodden: ICON-D2 Winddaten;Hochaufgelöste ICON-D2 Windvorhersage für den Kitespot Saal am Bodden. Das Flachwasser-Mekka für Freestyler.;Kitesurfen in Saal (Saaler Bodden);Der Spot in Saal am Saaler Bodden ist legendär für sein riesiges, stehtiefes Flachwasserrevier. Eine große Graswiese bietet optimalen Platz zum Aufbauen. Da der Bodden kaum Welle zulässt, finden Freestyler hier spiegelglatte Bedingungen für radikale Manöver vor.;Funktioniert perfekt bei Wind aus Südwest, West und Nordwest. Nordwind kommt ebenfalls frei durch.;Der Einstiegsbereich ist schmal und der Untergrund recht schlickig. Es gilt ein absolutes Befahrensverbot der großflächig ausgewiesenen Schilf- und Naturschutzgürtel entlang des Ufers.
45;neuendorf-saaler-bodden;Neuendorf - Saaler Bodden;54.3314;12.4419;Kitespot Neuendorf Saaler Bodden: ICON-D2 Live-Wind;Aktueller ICON-D2 Windreport für Neuendorf. Die ruhigere Flachwasser-Alternative am Saaler Bodden.;Kitesurfen in Neuendorf (Saaler Bodden);Neuendorf ist der Nachbarspot von Saal und bietet sehr ähnliche, erstklassige Flachwasserbedingungen. Der Spot ist meist deutlich weniger frequentiert als Saal. Ein weitläufiger Stehbereich und eine gemütliche Aufbauwiese machen das Kiten hier extrem entspannt.;Optimal bei Wind aus West, Nordwest und Nord. Bei Südwestwind ebenfalls gut nutzbar.;Auch hier gilt: Der Spot ist von sensiblen Schilfzonen umgeben. Die Naturschutzgrenzen des Nationalparks Vorpommersche Boddenlandschaft sind zwingend zu respektieren. Keine sanitäre Infrastruktur direkt am Einstieg.
46;warnemuende-hohe-duene;Warnemünde - Hohe Düne;54.1831;12.1022;Kitespot Warnemünde Hohe Düne: ICON-D2 Wind & Welle;ICON-D2 Windvorhersage für Warnemünde (Hohe Düne). Der anspruchsvolle Ostsee-Wellenspot an der Molenkante.;Kitesurfen in Warnemünde (Hohe Düne);Hohe Düne liegt östlich der Warnow-Mündung in Warnemünde. Es ist ein klassischer, offener Ostsee-Spot, der bei Starkwind eine beachtliche Brandungswelle aufbaut. Der breite Sandstrand bietet viel Platz zum Aufbauen, das Revier erfordert jedoch eine gute Boardkontrolle.;Beste Windrichtungen sind Nordwest, Nord und Nordost. Westwind weht sideshore, wird aber an der Molenkante leicht verwirbelt.;Kein Stehrevier vorhanden. Die Strömung in der Nähe der Hafeneinfahrt ist stark. Das Kiten im Fahrwasser der großen Skandinavien-Fähren und Kreuzfahrtschiffe ist strengstens verboten.
47;kuehlungsborn-oststrand;Kühlungsborn - Oststrand;54.1539;11.7714;Kitespot Kühlungsborn Oststrand: ICON-D2 Wind;Aktueller ICON-D2 Windreport für Kühlungsborn. Offener Ostseespot mit schöner Welle und touristischer Infrastruktur.;Kitesurfen in Kühlungsborn (Oststrand);Der Oststrand in Kühlungsborn ist ein schöner Sandstrand, der Kiter vor allem im Frühjahr und Herbst anlockt. Bei starkem Nordwest- oder Nordwind baut sich hier ein anspruchsvolles Chop- und Wellenrevier auf. Der Einstieg geht schnell ins tiefe Wasser über.;Optimal bei Wind aus Nordwest, Nord und Nordost. West- und Ostwind wehen genau parallel zur Küste (sideshore).;Der gesamte Strand ist in regelmäßigen Abständen mit Holzbuhnen versehen, die im Wasser eine erhebliche Verletzungsgefahr darstellen. Im Sommer herrscht extrem dichter Badebetrieb (Kiteverbot in den Badezonen).
48;zingst-sportstrand;Zingst - Sportstrand;54.4447;12.6953;Kitespot Zingst Sportstrand: ICON-D2 Windvorhersage;ICON-D2 Wind- und Wetterdaten für den Sportstrand in Zingst (Darß). Wellenkiten auf der Ostsee mit feinstem Sandstrand.;Kitesurfen am Sportstrand in Zingst;Der Sportstrand (Strandaufgang 14) in Zingst auf der Halbinsel Fischland-Darß-Zingst bietet Kiter-Infrastruktur direkt an der offenen Ostsee. Der feine Sandstrand geht flach ins Wasser über, bevor nach einigen Metern die Strömung und tiefere Rinnen einsetzen. Bei Wind entstehen schöne, kabbelige Sprungwellen.;Perfekt bei Wind aus Nordwest, Nord und Nordost. Westwind funktioniert sideshore ebenfalls gut.;Achte auf die Seebrücke in Zingst, zu der reichlich Sicherheitsabstand eingehalten werden muss. Im Sommer ist der Strand stark von Urlaubern frequentiert – das Starten und Landen ist nur in der Sportzone erlaubt.
49;ahrenshoop-wellenspot;Ahrenshoop - Wellenspot;54.3806;12.4183;Kitespot Ahrenshoop: ICON-D2 Wind & Brandungswelle;Präzise ICON-D2 Windvorhersage für den Wellenspot Ahrenshoop. Anspruchsvolles Revier an der Westküste des Darß.;Kitesurfen in Ahrenshoop (Fischland-Darß);Ahrenshoop ist bekannt für seine raue Natur und die Steilküste. Für Kitesurfer ist es ein anspruchsvoller Wellenspot an der Westseite der Halbinsel. Bei West- und Nordweststurm rollt hier eine kräftige Brandung herein, die saubere Wellenrampen für fortgeschrittene Wave-Kiter bietet.;Ausgezeichnet bei Wind aus Südwest, West und Nordwest. Nordnordwest steht genau auflandig (onshore).;Kein Stehrevier und ein steiniger Untergrund an vielen Stellen der Küstenlinie. Die Buhnenreihen im Wasser erfordern präzises Fahrkönnen. Absolut ungeeignet für Anfänger und Einsteiger.
50;lubmin-greifswalder-bodden;Lubmin - Greifswalder Bodden;54.1378;13.6194;Kitespot Lubmin Greifswalder Bodden: ICON-D2 Wind;Hochaufgelöste ICON-D2 Windvorhersage für Lubmin. Das vielseitige Flachwasser- und Freeriderevier im Osten.;Kitesurfen in Lubmin (Greifswalder Bodden);Lubmin liegt am Südufer des Greifswalder Boddens und bietet einen kilometerlangen, breiten Sandstrand. Ein weitläufiger Stehbereich macht den Spot extrem sicher und komfortabel für Einsteiger. Weiter draußen herrscht feinstes Freeridewasser mit leichtem Chop bei Starkwind.;Optimal bei Wind aus Nordwest, Nord, Nordost und Ost. Bei diesen Richtungen kommt der Wind völlig frei über den Bodden.;Achte auf die Seebrücke von Lubmin und die Dalben im Wasser. Im Sommer ist der Hauptstrand gut besucht, weshalb der Aufbauplatz an die östlichen oder westlichen Ränder des Sportstrands verlagert werden sollte.
51;loissin-greifswalder-bodden;Loissin - Greifswalder Bodden;54.1206;13.5358;Kitespot Loissin Greifswalder Bodden: ICON-D2 Windvorhersage;Aktuelle ICON-D2 Windvorhersage für Loissin. Riesiges Flachwasser- und Stehrevier am Greifswalder Bodden.;Kitesurfen in Loissin (Greifswalder Bodden);Loissin ist einer der beliebtesten Kitespots im Nordosten Deutschlands. Ein riesiger Stehbereich, der sich mehrere hundert Meter weit in den Greifswalder Bodden erstreckt, bietet spiegelglattes Flachwasser. Perfekt für Anfänger, Kursisten und Freestyler, die neue Tricks trainieren wollen.;Optimal bei Wind aus Nordwest, Nord, Nordost und Ost. Bei diesen Richtungen weht der Wind absolut frei und konstant über den Bodden.;Im Einstiegsbereich gibt es eine schmale Rasenfläche am lokalen Campingplatz, die an windigen Wochenenden schnell voll wird. Achte im flachen Wasser auf vereinzelte größere Steine und Muschelfelder.
52;usedom-karlshagen;Usedom - Karlshagen;54.1167;13.8442;Kitespot Karlshagen Usedom: ICON-D2 Wind & Wellen-Guide;ICON-D2 Windreport für Karlshagen im Norden Usedoms. Breiter Sandstrand und offenes Ostsee-Revier.;Kitesurfen in Karlshagen (Usedom);Karlshagen bietet einen traumhaften, feinen und extrem breiten Sandstrand an der offenen Ostsee. Der Spot verfügt über einen moderaten Stehbereich im Uferbereich. Bei Starkwind baut sich weiter draußen eine ordentliche Brandungswelle für spektakuläre Sprünge auf.;Hervorragend bei Wind aus Nordwest, Nord und Nordost (onshore bis side-onshore). West- und Ostwind wehen genau sideshore parallel zur Küste.;Im Sommer herrscht reger Badebetrieb – der ausgewiesene Sportstrand ist zwingend zu nutzen. Achte auf die Buhnenreihen im Wasser, die bei hohem Wasserstand teilweise überspült und schwer zu sehen sind.
53;usedom-ueckeritz;Usedom - Ueckeritz;54.0211;14.0106;Kitespot Ueckeritz Usedom: ICON-D2 Windvorhersage;Präzise ICON-D2 Winddaten für Ückeritz auf Usedom. Anspruchsvoller Wellenspot an der Steilküste.;Kitesurfen in Ückeritz (Usedom);Ückeritz liegt an einer schmalen Stelle Usedoms und bietet ein echtes Naturrevier an der offenen Ostsee. Der Spot ist geprägt von einer malerischen Steilküste und Naturstränden. Es gibt kaum ein Stehrevier, dafür läuft bei starkem Wind eine anspruchsvolle, kraftvolle Welle ein.;Beste Windrichtungen sind Nordost, Ost und Südost. Nordwest- und Nordwind funktionieren ebenfalls, bringen aber chaotischen Kabbelwind.;Absolut kein Anfängerspot. Der Einstieg kann steinig sein, und der schmale Strand bietet bei Hochwasser kaum Platz zum sicheren Starten und Landen der Kites. Nur für erfahrene Kiter empfohlen.
54;meschendorf-ostsee;Meschendorf - Ostsee;54.1628;11.6686;Kitespot Meschendorf Ostsee: ICON-D2 Live-Wind;Aktueller ICON-D2 Windreport für Meschendorf nahe Rerik. Abwechslungsreicher Ostsee-Geheimtipp mit Welle.;Kitesurfen in Meschendorf (Ostsee);Meschendorf liegt direkt neben Rerik an der offenen Ostsee. Der Naturstrand bietet viel Ruhe abseits der großen Tourismuszentren. Bei westlichen oder nördlichen Winden baut sich auf der Ostsee ein schönes Freeride- und Wellenrevier mit mäßiger Strömung auf.;Optimal bei Wind aus West-Nordwest, Nordwest, Nord und Nordost. Bei Westwind weht es sideshore.;Der Untergrund im Wasser ist sehr steinig und mit Buhnen durchsetzt – Neoprenschuhe sind hier Pflicht. Der Strandbereich ist relativ schmal, weshalb beim Starten und Landen höchste Vorsicht geboten ist.
55;eckernfoerde-suedstrand;Eckernfoerde - Suedstrand;54.4597;9.8458;Kitespot Eckernförde Südstrand: ICON-D2 Winddaten;Hochaufgelöste ICON-D2 Windvorhersage für den Südstrand in Eckernförde. Schönes Freeriderevier in der Bucht.;Kitesurfen in Eckernförde (Südstrand);Der Südstrand in Eckernförde bietet feinen Sandstrand und klares Ostseewasser. Die geschützte Lage in der Eckernförder Bucht verhindert extreme Brandungswellen, sorgt bei Starkwind aber für feinstes Kabbelwasser (Chop), das ideal zum Freeriden und für Big-Air-Sprünge ist.;Perfekt bei Wind aus Ost, Nordost und Südost. Bei diesen Richtungen kommt der Wind völlig frei über die offene Ostsee in die Bucht.;Bei Westwind ist der Spot komplett ablandig und durch die Stadt und Hügel extrem böig und gefährlich. Im Sommer ist der Strand ein extrem beliebter Badestrand – Badezonen strikt meiden!
56;brouwersdam-zeeland;Brouwersdam - Zeeland;51.7589;3.8436;Kitespot Brouwersdam Zeeland: ICON-D2 Windvorhersage;Präzise ICON-D2 Winddaten für den Brouwersdam in Holland. Das absolute Kitesurf-Mekka Europas.;Kitesurfen am Brouwersdam (Zeeland / Niederlande);Der Brouwersdam ist wohl der bekannteste und am besten ausgestattete Kitespot Europas. Ein kilometerlanger, gigantischer Sandstrand an der Nordsee bietet unendlich viel Platz. Auf der Meerseite wartet ein geniales Wellen- und Freeriderevier, während bei Ebbe in den Prielen riesige Flachwasserflächen entstehen.;Funktioniert bei fast allen Windrichtungen von Süd über West bis Nord. Absolut frei und konstant.;Aufgrund der enormen Beliebtheit kann es im Sommer extrem voll auf dem Wasser werden. Achte auf die Gezeiten (starke Strömung bei Tidenwechsel) und die ausgewiesenen Zonen für Kiteschulen. Das Parken ist direkt am Strand möglich.
57;vrouwenpolder-zeeland;Vrouwenpolder - Zeeland;51.5847;3.6133;Kitespot Vrouwenpolder: ICON-D2 Windreport;ICON-D2 Wind- und Wetterdaten für Vrouwenpolder. Riesige Flachwasser-Lagune bei Flut an der Nordseeküste.;Kitesurfen in Vrouwenpolder (Niederlande);Vrouwenpolder liegt an der Nordsee-Einfahrt der Oosterschelde und ist berühmt für sein abwechslungsreiches Revier. Bei Flut füllt sich hinter einer gigantischen Sandbank ein riesiges Flachwasser-Becken, das spiegelglatt bleibt – ein Traum für Freestyler und Anfänger. Draußen auf der Nordsee läuft zeitgleich eine schöne Welle.;Optimal bei Wind aus Nordwest, Nord und Nordost. Westwind funktioniert ebenfalls gut.;Der Spot ist stark von den Gezeiten geprägt – bei Ebbe fällt die innere Lagune komplett trocken. Die Strömungen auf der offenen Nordsee-Seite können bei einsetzender Ebbe extrem stark werden.
58;neeltje-jans-zeeland;Neeltje Jans - Zeeland;51.6267;3.6908;Kitespot Neeltje Jans: ICON-D2 Live-Wind;Aktueller ICON-D2 Windreport für Neeltje Jans auf dem Sturmflutwehr. Wellen- und Starkwindspot in Zeeland.;Kitesurfen am Spot Neeltje Jans (Niederlande);Neeltje Jans liegt mitten auf dem gewaltigen Oosterschelde-Sturmflutwehr. Der Spot an der Nordsee-Seite bietet eine hufeisenförmige Bucht, die Schutz vor heftigen Strömungen bietet. Bei starkem Wind rollt eine saubere, sortierte Welle in die Bucht. Der Strand bietet viel Platz.;Ausgezeichnet bei Wind aus Südwest, West und Nordwest. Der Wind kommt hier völlig ungehindert vom Atlantik und der Nordsee an.;Achte penibel darauf, nicht zu nah an die massiven Pfeiler und Schleusentore des Sturmflutwehrs zu geraten, da dort lebensgefährliche Verwirbelungen und Strömungen herrschen. Nur für sichere Kiter.
59;mirns-ijsselmeer;Mirns - IJsselmeer;52.8464;5.3789;Kitespot Mirns IJsselmeer: ICON-D2 Windvorhersage;Hochaufgelöste ICON-D2 Windvorhersage für Mirns am IJsselmeer. Das größte Flachwasser-Stehrevier Hollands.;Kitesurfen in Mirns (IJsselmeer / Niederlande);Mirns ist der beliebteste Anfänger- und Schulungsspot am niederländischen IJsselmeer. Ein gigantischer Stehbereich mit stehtiefem Süßwasser erstreckt sich hunderte Meter weit in den See. Da es hier keine Gezeiten gibt, herrschen für Einsteiger und Freestyler absolut konstante Flachwasser-Bedingungen.;Perfekt bei Wind aus Süd, Südwest und West. Bei diesen Richtungen weht der Wind voll auflandig (onshore) bis side-onshore auf die große Kitewiese.;Da der Spot sehr flach ist, ist er für Foiler ungeeignet. An windigen Wochenenden herrscht ein extrem hohes Verkehrsaufkommen an Kiteschulen und Anfängern – Rücksichtnahme im Stehbereich ist oberstes Gebot.
60;workum-ijsselmeer;Workum - IJsselmeer;52.9811;5.4132;Kitespot Workum IJsselmeer: ICON-D2 Wind;Aktueller ICON-D2 Windreport für Workum. Legendärer IJsselmeer-Kitespot mit Sandstrand und riesigem Stehbereich.;Kitesurfen in Workum (IJsselmeer / Niederlande);Workum ist neben Mirns das absolute Highlight am IJsselmeer. Im Gegensatz zu vielen anderen Spots der Region bietet Workum einen echten, feinen Sandstrand zum Starten und Landen. Ein riesiger, stehtiefer Bereich macht das Kiten extrem sicher. Das Wasser ist leicht kabbelig, lädt aber zum Cruisen und Tricksen ein.;Optimal bei Wind aus Südwest, West und Nordwest. Der Wind kommt völlig frei über das IJsselmeer und ist sehr konstant.;Außerhalb des markierten Stehreviers wird das Wasser schnell tief und es baut sich ein kurzer, harter Chop auf. Halte Abstand zu den angrenzenden Naturschutzgebieten entlang des Ufers.
61;hindeloopen-ijsselmeer;Hindeloopen - IJsselmeer;52.9469;5.3944;Kitespot Hindeloopen IJsselmeer: ICON-D2 Windvorhersage;Aktuelle ICON-D2 Windvorhersage für Hindeloopen. Schönes Flachwasserrevier mit Stehbereich am IJsselmeer.;Kitesurfen in Hindeloopen (IJsselmeer / Niederlande);Hindeloopen ist ein malerischer Spot am östlichen IJsselmeer. Kiter erwartet hier ein weitläufiges Stehrevier mit feinem Flachwasser hinter einer vorgelagerten Sandbank. Weiter draußen bildet sich bei Starkwind ein mäßiger Chop, der ideal für Sprünge und Freeride-Sessions ist.;Optimal bei Wind aus Südwest, West und Nordwest. Der Wind kommt sauber und ungestört über das offene Wasser.;Der Einstieg erfolgt über eine Rasenfläche am Deich (teilweise Schafe). Im flachen Wasser befinden sich stellenweise größere Steine nahe der Uferkante – beim Starten und Landen ist Vorsicht geboten.
62;enkhuizen-ijsselmeer;Enkhuizen - IJsselmeer;52.6956;5.3122;Kitespot Enkhuizen IJsselmeer: ICON-D2 Windreport;ICON-D2 Windreport für Enkhuizen am westlichen IJsselmeer. Infos zu Stehbereich, Windrichtungen und Einstieg.;Kitesurfen in Enkhuizen (IJsselmeer / Niederlande);Enkhuizen liegt auf der westlichen Seite des IJsselmeers, direkt am Übergang zum Markermeer (am Houtribdijk). Der Spot "Enkhuizer Zand" bietet eine kleine Sandbucht und einen moderaten Stehbereich. Bei östlichen Winden baut sich hier ein schönes Freeride- und Sprungrevier auf.;Perfekt bei Wind aus Nordost, Ost und Südost. Bei diesen Richtungen weht der Wind völlig frei onshore auf den Strand.;Bei Westwind ist der Spot komplett ablandig und durch die Abdeckung der Stadt und Bäume extrem böig und gefährlich. Achte auf den Schiffsverkehr nahe der Hafenanlagen.
63;kornwerderzand-ijsselmeer;Kornwerderzand - IJsselmeer;53.0736;5.3378;Kitespot Kornwerderzand: ICON-D2 Windvorhersage;Präzise ICON-D2 Winddaten für Kornwerderzand direkt am Abschlussdeich. Einzigartiger Spot zwischen IJsselmeer und Wattenmeer.;Kitesurfen in Kornwerderzand (Niederlande);Kornwerderzand liegt direkt am berühmten Afsluitdijk (Abschlussdeich), der das IJsselmeer von der Nordsee trennt. Gekitet wird hier auf der IJsselmeer-Süßwasserseite. Der Spot bietet Flachwasserbedingungen und wird durch den Deich vor extremen Wellen geschützt. Eine feine Graswiese dient zum Aufbauen.;Hervorragend bei Wind aus Südwest, West und Nordwest. Der Wind weht sehr konstant entlang des Deichs.;Achte unbedingt auf die großen Schleusenanlagen und die Strömungen, die durch den Wasseraustausch zwischen Nordsee und IJsselmeer entstehen können. Halte ausreichend Sicherheitsabstand zu den Schifffahrtswegen.
64;schellinkhout-markermeer;Schellinkhout - Markermeer;52.6319;5.1189;Kitespot Schellinkhout Markermeer: ICON-D2 Live-Wind;Aktueller ICON-D2 Windreport für Schellinkhout. Das extrem beliebte Stehrevier am Markermeer für Anfänger.;Kitesurfen in Schellinkhout (Markermeer / Niederlande);Schellinkhout ist einer der bekanntesten Anfänger- und Freestylespots am Markermeer. Ein riesiger, stehtiefer Bereich erstreckt sich weit in die Bucht hinein. Das Wasser ist meist flach bis leicht kabbelig (Chop), was ideale Bedingungen für die ersten Meter auf dem Board oder für unhooked Tricks bietet.;Optimal bei Wind aus Südwest, Süd und Südost. Der Wind kommt frei über das Markermeer und weht onshore auf den Grünstrand.;Aufgrund der perfekten Stehbedingungen und der Nähe zu Amsterdam ist der Spot an windigen Wochenenden extrem voll. Achte auf die Kiteschulen und halte Abstand zu den ufernahen Bäumen.
65;edam-markermeer;Edam - Markermeer;52.5117;5.0742;Kitespot Edam Markermeer: ICON-D2 Winddaten;Hochaufgelöste ICON-D2 Windvorhersage für Edam. Die ruhigere Freeride-Alternative am Markermeer.;Kitesurfen in Edam (Markermeer / Niederlande);Der Kitespot in Edam bietet eine entspannte Alternative zu den überlaufenen Spots der Region. Gekitet wird von einer schmalen Liegewiese aus direkt im Markermeer. Der Stehbereich ist relativ klein, das Wasser wird schnell tief. Es ist ein tolles Revier zum Freeriden und für Big-Air-Sprünge bei Starkwind.;Beste Windrichtungen sind Nordost, Ost und Südost. Bei Ostwind kommt der Wind völlig frei über das gesamte Markermeer.;Aufgrund des kleinen Einstiegs und des schnellen Übergangs ins tiefe Wasser ist der Spot für absolute Anfänger ungeeignet. Bei Westwind komplett ablandig und durch Windabdeckungen unbrauchbar.
66;zandvoort-nordseekueste;Zandvoort - Nordseekueste;52.3756;4.5244;Kitespot Zandvoort Nordseeküste: ICON-D2 Wind & Welle;ICON-D2 Windvorhersage für Zandvoort. Anspruchsvoller Nordsee-Wellenspot direkt am bekannten Badestrand.;Kitesurfen in Zandvoort (Niederlande);Zandvoort ist ein klassischer, offener Nordsee-Wellenspot mit einer fantastischen Brandungswelle. Bei starkem Westwind bauen sich hier saubere Wellenberge und ein heftiger Shorebreak auf – ein Traum für Wave-Kiter und Experten. Der kilometerbreite Sandstrand bietet unendlich viel Platz.;Perfekt bei Wind aus Südwest, West und Nordwest (side-onshore bis onshore). Süd- und Nordwind wehen genau sideshore parallel zum Strand.;Absolut kein Anfängerrevier! Starke Gezeitenströmungen, heftige Brandung und tiefe Rinnen erfordern viel Erfahrung. Im Sommer herrscht ein gigantischer Badebetrieb – das Kiten ist nur in den offiziellen Verzonungen (meist bei den Surfclubs) erlaubt.
67;scheveningen-nordseekueste;Scheveningen - Nordseekueste;52.1053;4.2658;Kitespot Scheveningen Nordsee: ICON-D2 Windvorhersage;Präzise ICON-D2 Winddaten für den Kitespot Scheveningen (Den Haag). Der legendäre Wellenspot der holländischen Kiteszene.;Kitesurfen in Scheveningen (Niederlande);Scheveningen bei Den Haag ist das Epizentrum der niederländischen Big-Air- und Wave-Kiteszene. Am breiten Sandstrand (nahe dem Hafen oder dem Pier) treffen sich die besten Kiter des Landes. Bei starkem Südwest- oder Nordweststurm entstehen hier gewaltige Wellenrampen und ein massiver Shorebreak.;Optimal bei Wind aus Südwest, West und Nordwest. Südwind bringt extreme Strömungen parallel zum Strand mit sich.;Nur für Profis und sehr erfahrene Kiter. Die Strömungen an den Hafenmolen sind lebensgefährlich. Abstand zu den Buhnenreihen, dem berühmten Pier und den zahlreichen Badegästen sowie Surfern halten.
68;noordwijk-nordseekueste;Noordwijk - Nordseekueste;52.2472;4.4267;Kitespot Noordwijk Nordsee: ICON-D2 Live-Wind;Aktueller ICON-D2 Windreport für Noordwijk. Toller Wellen- und Freeridespot an der holländischen Nordseeküste.;Kitesurfen in Noordwijk (Niederlande);Noordwijk bietet ein erstklassiges Open-Ocean-Revier an der holländischen Nordseeküste. Der weitläufige Sandstrand bietet viel Platz zum sicheren Aufbauen, Starten und Landen. Bei moderatem Wind ist es ein schönes Freeriderevier für weite Schläge, bei Sturm mutiert der Spot zum anspruchsvollen Wellenparadies.;Ausgezeichnet bei Wind aus Südwest, West und Nordwest. Nordwind steht voll onshore.;Kein Stehrevier vorhanden. Achte auf die wechselnden Gezeitenströme und die Badezonen im Sommer. Das Kiten ist über lokale Surfvereine organisiert, deren Sicherheitsregeln vor Ort unbedingt einzuhalten sind.
69;ijmuiden-kennemerstrand;IJmuiden - Kennemerstrand;52.4597;4.5622;Kitespot IJmuiden Kennemerstrand: ICON-D2 Wind;ICON-D2 Wind- und Wetterdaten für den Kennemerstrand in IJmuiden. Der extrem breite Sandstrand mit geschützter Wellenbucht.;Kitesurfen in IJmuiden (Kennemerstrand / Niederlande);Der Kennemerstrand in IJmuiden ist einer der breitesten Sandstrände Europas. Durch die riesige Nordermole (Hafeneinfahrt) ist der Spot im südlichen Bereich etwas vor den ganz brutalen Nordseewellen geschützt. Es bildet sich eine Art geschützte Bucht mit sortierten Wellen, was den Spot etwas zugänglicher macht als die offenen Nachbarspots.;Hervorragend bei Wind aus Südwest, West und Nordwest. Bei Südwestwind sorgt die Mole für etwas glatteres Wasser direkt an der Kante.;Achte auf den Sicherheitsabstand zur massiven Hafenmole (Verwirbelungen und Strömung). Durch die enorme Breite des Strandes läuft man vom Parkplatz aus ein gutes Stück bis zur Wasserkante (ideales Material-Schlepp-Training).
70;wijk-aan-zee-nordseekueste;Wijk aan Zee - Nordseekueste;52.4939;4.5811;Kitespot Wijk aan Zee: ICON-D2 Windvorhersage & Guide;Hochaufgelöste ICON-D2 Windvorhersage für Wijk aan Zee. Einer der besten Wave- und Big-Air-Spots in Holland.;Kitesurfen in Wijk aan Zee (Niederlande);Wijk aan Zee (Nordstrand) liegt nördlich der großen Hafeneinfahrt von IJmuiden und gilt unter Wave-Kitern als absoluter Hotspot. Die südlich gelegene Hafenmole schützt den Spot bei Südwestwind vor dem schlimmsten Strömungszug und sortiert die Wellen sauber. Es entstehen perfekte Rampen für astronomische Big-Air-Sprüngen und Wellenritte.;Funktioniert perfekt bei Wind aus Südwest, West und Nordwest. Südwest ist die absolute Sahnerichtung für diesen Spot.;Die Brandung und der Shorebreak können bei Sturm brutal sein – kein Spot für Anfänger. Halte respektvollen Abstand zur Mole und beachte die Zonenaufteilung der lokalen Strandcafés und Rettungsschwimmer.
71;texel-paal-17;Texel - Paal 17;53.0319;4.7186;Kitespot Texel Paal 17: ICON-D2 Windvorhersage;Aktuelle ICON-D2 Windvorhersage für Paal 17 auf Texel. Anspruchsvoller Nordsee-Wellenspot für erfahrene Kiter.;Kitesurfen auf Texel (Paal 17);Paal 17 auf der Watteninsel Texel ist ein weltbekannter Wellenspot an der offenen Nordsee. Hier bricht die Brandung kraftvoll über vorgelagerten Sandbänken und bietet fantastische Rampen für Wave-Kiter und Big-Air-Spezialisten. Der Strand ist breit und bietet eine hervorragende touristische Infrastruktur.;Optimal bei Wind aus Südwest, West und Nordwest. Der Wind kommt völlig ungehindert vom Atlantik und weht sehr konstant.;Kein Stehrevier vorhanden. Starke Strömungen (Tidenhub) und ein heftiger Shorebreak bei Flut machen den Spot für Anfänger absolut ungeeignet. Es gilt eine strikte Absprache mit den lokalen Surfschulen vor Ort.
72;texel-westerslag;Texel - Westerslag;53.0544;4.7339;Kitespot Texel Westerslag: ICON-D2 Windreport;ICON-D2 Windreport für Westerslag auf Texel. Unberührter Nordsee-Naturstrand mit starker Brandungswelle.;Kitesurfen in Westerslag (Texel);Westerslag liegt etwas nördlich von Paal 17 und ist die naturbelassenere, ruhigere Alternative auf Texel. Kiter erwartet hier ein offenes Nordsee-Revier mit feinstem Sandstrand und einer weiten Dünenkulisse. Bei starkem Westwind baut sich eine anspruchsvolle Brandungswelle mit tiefen Rinnen zwischen den Sandbänken auf.;Perfekt bei Wind aus Südwest, West und Nordwest. Nordwind steht voll onshore (auflandig).;Aufgrund fehlender Stations-Infrastruktur bist du hier meist auf dich allein gestellt. Die Strömungsverhältnisse im Wattenmeer-Ausgang sind extrem stark und unberechenbar. Nur für selbstständige Experten empfohlen.
73;ameland-nes;Ameland - Nes;53.4614;5.7761;Kitespot Ameland Nes: ICON-D2 Windvorhersage;Präzise ICON-D2 Winddaten für den Kitespot Nes auf Ameland. Weitläufiger Sandstrand mit toller Nordsee-Welle.;Kitesurfen auf Ameland (Nes);Der Spot in Nes liegt an der offenen Nordseite der wunderschönen Insel Ameland. Der Sandstrand ist gigantisch breit und bietet unendlich viel Platz zum sicheren Aufbauen und Starten. Je nach Gezeitenstand findet man hier zwischen den Sandbänken leicht kabbelige Flachwasserpriele oder echte Nordsee-Brecher weiter draußen.;Hervorragend bei Wind aus Nordwest, Nord und Nordost. West- und Ostwind wehen genau sideshore parallel zum Strand.;Die Gezeitenströme zwischen den Inseln ziehen extrem stark. Es gibt kein dauerhaftes Stehrevier. Im Hochsommer ist die ausgewiesene Sportzone für Kiter einzuhalten, um Badegäste nicht zu gefährden.
74;terschelling-groene-strand;Terschelling - Groene Strand;53.3614;5.2072;Kitespot Terschelling Groene Strand: ICON-D2 Live-Wind;Aktueller ICON-D2 Windreport für das Groene Strand auf Terschelling. Einzigartiger Watt- und Flachwasserspot.;Kitesurfen auf Terschelling (Groene Strand);Das Groene Strand liegt an der geschützten Südseite von Terschelling am Wattenmeer (nahe West-Terschelling). Im Gegensatz zur offenen Nordsee bietet dieser Spot durch die geschützte Lage echtes Flachwasser. Bei auflaufendem Wasser bildet sich eine riesige, flache Lagune, die ein Traum für Freestyler ist.;Optimal bei Wind aus Süd, Südwest und West. Der Wind kommt frei über das Wattenmeer und ist sehr konstant.;Extrem tideabhängig! Bei Ebbe fällt der Spot komplett trocken und verwandelt sich in reines Schlickwatt. Achte auf die Fahrrinnen der Inselfähren, die dicht am Spot vorbeilaufen – das Befahren der Fahrrinne ist verboten.
75;schiermonnikoog-surfstrand;Schiermonnikoog - Surfstrand;53.4883;6.1364;Kitespot Schiermonnikoog: ICON-D2 Winddaten;Hochaufgelöste ICON-D2 Windvorhersage für Schiermonnikoog. Der einsamste und breiteste Strand für Kitesurfer.;Kitesurfen auf Schiermonnikoog (Surfstrand);Schiermonnikoog besitzt den breitesten Sandstrand Europas. Der offizielle Surfstrand an der Nordseite bietet Natur pur und extrem viel Platz. Bei Flut bilden sich riesige, flache Lagunen auf dem Strand, die absolut stehtief und spiegelglatt sind – ideal für Anfänger. Weiter draußen wartet die offene Nordsee.;Beste Windrichtungen sind Nordwest, Nord und Nordost. Westwind funktioniert sideshore ebenfalls hervorragend.;Da die Insel autofrei ist, muss das Material mit dem Fahrrad oder Bollerwagen zum Strand transportiert werden. Die Wege durch die Dünen sind lang. Bei einsetzender Ebbe läuft das Wasser extrem schnell aus den Strandlagunen ab.
76;kamperland-veerse-meer;Kamperland - Veerse Meer;51.5833;3.6819;Kitespot Kamperland Veerse Meer: ICON-D2 Wind;Aktueller ICON-D2 Windreport für Kamperland am Veerse Meer. Das geschützte Binnenrevier in Zeeland.;Kitesurfen in Kamperland (Veerse Meer / Niederlande);Das Veerse Meer ist ein vom Meer abgetrennter Brackwassersee in Zeeland. Der Spot in Kamperland (Schotsman) bietet eine große Graswiese und ein geschütztes Stehrevier direkt hinter dem Deich. Da es hier keine Gezeiten und keine echten Wellen gibt, ist der Spot ideal für Einsteiger, Freerider und Foiler.;Gute Windrichtungen sind Südwest, West und Nordwest. Bei diesen Richtungen zieht der Wind über die Landzunge.;Da es sich um ein Binnenrevier handelt, kann der Wind bei nördlichen oder östlichen Richtungen durch Bäume und Gebäude sehr böig werden. Der Einstieg kann im Sommer durch Algenbildung rutschig sein.
77;muiderberg-ijmeer;Muiderberg - IJmeer;52.3325;5.1147;Kitespot Muiderberg IJmeer: ICON-D2 Windvorhersage;ICON-D2 Wind- und Wetterdaten für Muiderberg nahe Amsterdam. Flachwasser-Stehrevier am IJmeer.;Kitesurfen in Muiderberg (IJmeer / Niederlande);Muiderberg ist der absolute Kult-Spot im Großraum Amsterdam. Der Spot am IJmeer bietet ein extrem weitläufiges Stehrevier mit standsicherem Sanduntergrund. Das Wasser ist spiegelglatt bis leicht kabbelig, was Anfängern maximale Sicherheit gibt und Freestylern perfekte Pop-Bedingungen liefert.;Perfekt bei Wind aus Nordwest, Nord und Nordost. Bei diesen Richtungen weht der Wind voll auflandig (onshore) auf den kleinen Sandstrand.;Aufgrund der Nähe zu Amsterdam ist der Spot an windigen Tagen extrem überlaufen. Da das Stehrevier sehr weit hineinragt, ist der Spot für Foiler ungeeignet. Achte auf die ufernahen Bäume beim Starten.
78;almere-haven;Almere - Haven;52.3364;5.2219;Kitespot Almere Haven: ICON-D2 Windreport;ICON-D2 Windreport für Almere Haven am Gooimeer. Schöner Freeridespot im Süden von Flevoland.;Kitesurfen in Almere Haven (Gooimeer / Niederlande);Der Spot "Surfstrand Almere Haven" liegt am Gooimeer, einem Randsee des ehemaligen IJsselmeers. Kiter finden hier einen kleinen Sandstrand und eine Liegewiese vor. Es gibt einen kleinen Stehbereich, danach wird das Wasser tief. Ein tolles Revier zum entspannten Cruisen und Freeriden abseits der Massen.;Optimal bei Wind aus Süd, Südwest und West. Bei diesen Richtungen kommt der Wind relativ frei über das Gooimeer.;Der Einstiegs- und Startbereich ist recht schmal und von Bäumen umgeben – Vorsicht vor Lee-Wirbeln. Bei Nordwind komplett ablandig und durch die Stadt Almere extrem böig und unfliegbar.
79;medemblik-ijsselmeer;Medemblik - IJsselmeer;52.7744;5.1167;Kitespot Medemblik IJsselmeer: ICON-D2 Live-Wind;Aktueller ICON-D2 Windreport für Medemblik am westlichen IJsselmeer. Infos zu Windrichtungen und Bedingungen.;Kitesurfen in Medemblik (IJsselmeer / Niederlande);Medemblik liegt an der Westküste des IJsselmeers (Regatta-Zentrum). Der Kitespot am "Regattastrand" bietet eine kleine Gras- und Sandfläche. Der Stehbereich ist im Vergleich zu Workum oder Mirns recht klein, das Wasser wird zügig tief und baut einen kurzen, harten Chop auf – ideal zum Testen von Starkwind-Material.;Hervorragend bei Wind aus Nordost, Ost und Südost. Bei Ostwind kommt der Wind völlig ungehindert über das gesamte IJsselmeer.;Absolut kein reiner Anfängerspot aufgrund des kleinen Stehbereichs und der schnellen Tiefe. Bei Westwind komplett ablandig und extrem böig durch die ufernahe Bebauung.
80;oostvoorne-autostrand;Oostvoorne - Autostrand;51.9214;4.0714;Kitespot Oostvoorne: ICON-D2 Windvorhersage & Guide;Hochaufgelöste ICON-D2 Windvorhersage für Oostvoorne. Das legendäre, riesige Flachwasserbecken südlich von Rotterdam.;Kitesurfen in Oostvoorne (Niederlande);Oostvoorne (früher bekannt als Autostrand) ist eines der spektakulärsten Flachwasserreviere der Niederlande. Durch die vorgelagerten Sandbänke der Maasvlakte ist der Spot komplett vom offenen Meer getrennt. Es entsteht ein gigantischer, stehtiefer See mit spiegelglattem Wasser – ein absolutes Paradies für Anfänger und Speed-Kiter.;Funktioniert bei fast allen Windrichtungen von Südwest über West bis Nordost einwandfrei, da das Becken rundum geschützt ist.;Das Befahren des Strandes mit dem Auto ist seit Jahren verboten (der Name blieb im Volksmund). Der Fußweg vom Parkplatz zum Wasser ist je nach Wasserstand extrem lang (bis zu 15 Minuten). Achte auf die ausgewiesenen Naturschutz-Zonen.
81;silvaplanersee-engadin;Silvaplanersee - Engadin (CH);46.4619;9.7947;Kitespot Silvaplanersee: ICON-D2 Windvorhersage & Thermik;Aktuelle ICON-D2 Windvorhersage für den Silvaplanersee im Engadin. Alle Infos zum legendären Malojawind.;Kitesurfen am Silvaplanersee (Engadin / Schweiz);Der Silvaplanersee auf über 1.800 Metern Höhe ist die Geburtsstätte des alpinen Kitesurfens. Der Spot ist weltberühmt für seine verlässliche Thermik: Bei schönem Wetter erwacht pünktlich mittags der kräftige Malojawind. Das Wasser ist eiskalt, spiegelglatt bis leicht kabbelig und bietet eine atemberaubende Bergkulisse.;Optimal bei Südwestwind (Maloja-Thermik). Der Wind weht dann perfekt side-shore entlang des Sees.;Das Wasser hat selten mehr als 16 Grad – dicker Neoprenanzug ist Pflicht. Der Einstieg am Kite-Wiese-Gelände ist schmal und der Wind bläst direkt am Ufer oft böig. Aufgrund der Höhe hat der Wind weniger Dichte (weniger Druck im Schirm).
82;urnersee-isleten;Urnersee - Isleten (CH);46.9242;8.5944;Kitespot Urnersee Isleten: ICON-D2 Wind & Thermik-Guide;ICON-D2 Windreport für Isleten am Urnersee. Das Schweizer Starkwind-Mekka mit thermischem Föhnwind.;Kitesurfen am Urnersee in Isleten (Schweiz);Der Urnersee (südlicher Teil des Vierwaldstättersees) ist das thermische Starkwind-Herz der Schweiz. Der Spot Isleten liegt auf einem Delta und bietet durch die steilen Felswände einen Düseneffekt. Bei schönem Wetter im Sommer baut sich eine starke thermische Brise aus Norden auf, im Frühjahr und Herbst herrscht oft heftiger Föhn.;Perfekt bei thermischem Nordwind (Bise) oder starkem Südwind (Föhn). Der Wind zieht sauber durch das Tal.;Kein Stehrevier vorhanden, das Wasser wird sofort tief. Der Einstiegsbereich ist steinig und relativ klein. Aufgrund der extremen Fallwinde und der Föhn-Böen ist der Spot nur für fortgeschrittene und krisenerprobte Kiter geeignet.
83;neuenburgersee-portalban;Neuenburgersee - Portalban (CH);46.9189;6.9614;Kitespot Portalban Neuenburgersee: ICON-D2 Windvorhersage;Präzise ICON-D2 Winddaten für Portalban am Neuenburgersee. Das beliebteste Steh- und Freeriderevier der Westschweiz.;Kitesurfen in Portalban (Neuenburgersee / Schweiz);Portalban am Südufer des Neuenburgersees ist einer der am besten ausgestatteten Kitespots der Schweiz. Ein für Schweizer Verhältnisse sehr großzügiger Sandstrand und ein flacher Stehbereich machen den Spot extrem attraktiv für Aufsteiger und Freerider. Das Wasser bietet feinstes Kabbelwasser zum Cruisen.;Optimal bei Wind aus Nordost (die berühmte "Bise") und Südwest. Die Bise kommt hier perfekt side-onshore von rechts.;An schönen Bisen-Tagen herrscht am schmalen Strand extremer Platzmangel beim Starten. Das Kiten ist gebührenpflichtig (Start-/Landegebühr der lokalen Station beachten). Striktes Einhalten der Startzone ist Pflicht.
84;neuenburgersee-yvonand;Neuenburgersee - Yvonand (CH);46.8014;6.7456;Kitespot Yvonand Neuenburgersee: ICON-D2 Windreport;ICON-D2 Windreport für Yvonand am Neuenburgersee. Der traumhafte Sandstrand für Flachwasser-Liebhaber.;Kitesurfen in Yvonand (Neuenburgersee / Schweiz);Yvonand liegt im Südwesten des Neuenburgersees und ist bekannt für seine malerischen, von Pinien gesäumten Sandstrände. Der Spot bietet flaches, klares Wasser und ein moderates Stehrevier. Bei West- und Südwestwind weht es hier absolut frei und konstant über den See – ein Traum für Freerider und Foiler.;Hervorragend bei Wind aus Südwest und West. Bei diesen Richtungen kommt der Wind ungehindert über die gesamte Länge des Sees.;Bei der klassischen Schweizer Bise (Nordost) ist der Spot komplett ablandig und durch die Bäume stark abgeschattet. Im Hochsommer herrscht extrem dichter Badebetrieb an den flachen Sandstränden.
85;neuenburgersee-saint-blaise;Neuenburgersee - Saint-Blaise (CH);47.0133;6.9875;Kitespot Saint-Blaise Neuenburgersee: ICON-D2 Live-Wind;Aktueller ICON-D2 Windreport für Saint-Blaise am Nordufer des Neuenburgersees. Infos für Westwind-Sessions.;Kitesurfen in Saint-Blaise (Neuenburgersee / Schweiz);Saint-Blaise liegt am nordöstlichen Zipfel des Neuenburgersees. Der Spot ist ein klassischer Schlechtwetter- und Westwindspot. Wenn eine Front über die Schweiz zieht und West- bis Südwestwind bringt, weht es hier frei auf den schmalen Einstieg. Das Wasser wird schnell tief und baut einen kurzen Alpensee-Chop auf.;Beste Windrichtung ist Südwest und West. Bei diesen Richtungen zieht der Wind frei über das Wasser.;Kein Stehrevier und ein sehr anspruchsvoller Einstieg über Steinmauern oder schmale Wiesenabschnitte. Bei Bise (Nordost) weht es hier komplett ablandig. Nur für erfahrene Kiter empfohlen, die sicher im Tiefwasser starten können.
86;brienzersee-interlaken;Brienzersee - Interlaken (CH);46.6897;7.8711;Kitespot Brienzersee Interlaken: ICON-D2 Winddaten;Hochaufgelöste ICON-D2 Windvorhersage für den Brienzersee bei Interlaken. Das smaragdgrüne Alpenrevier.;Kitesurfen auf dem Brienzersee (Interlaken / Schweiz);Der Brienzersee bei Interlaken besticht durch sein tiefes, smaragdgrünes Gletscherwasser und die steilen Bergflanken. Der Einstieg erfolgt meist am Westende nahe Neuhaus. Durch die Topographie der Alpen entsteht bei passender Wetterlage eine thermische Talwind-Düse, die konstanten Wind garantiert. Perfekt für Hydrofoiler.;Optimal bei thermischem Ostwind oder kräftigem Westwind, der durch das Tal gepresst wird.;Das Wasser ist ganzjährig extrem kalt. Es gibt keinerlei Stehrevier, der See fällt sofort steil ab. Der Start- und Landebereich am Ufer ist extrem eng und stark reglementiert – oft ist ein Bootsshuttle der lokalen Schule die sicherste Wahl.
87;neusiedler-see-podersdorf;Neusiedler See - Podersdorf (AT);47.8544;16.8261;Kitespot Neusiedler See Podersdorf: ICON-D2 Wind;Aktueller ICON-D2 Windreport für Podersdorf am Neusiedler See. Das absolute Kitesurf-Mekka Österreichs.;Kitesurfen in Podersdorf am Neusiedler See (Österreich);Podersdorf ist das Epizentrum der österreichischen Kiteszene. Das Geniale am Neusiedler See: Der riesige Steppensee ist fast überall maximal 1,5 Meter tief. Podersdorf bietet als einziger Ort am See einen schilffreien Einstieg mit einer riesigen Kitewiese. Das Wasser ist extrem kabbelig, aber absolut stehtief und sicher.;Hervorragend bei Nordwestwind (oft stark nach Fronten) sowie bei Südwind. Nordwest weht perfekt side-onshore.;Durch die geringe Tiefe ist der See absolut ungeeignet für Foiler. Bei extremem Niedrigwasser kann es im Einstiegsbereich schlammig und zu flach zum Fahren werden. Der Nordstrand ist kostenpflichtig (Strandeintritt).
88;traunsee-ebensee;Traunsee - Ebensee (AT);47.8106;13.7842;Kitespot Traunsee Ebensee: ICON-D2 Windvorhersage;Präzise ICON-D2 Winddaten für den Traunsee in Ebensee. Die verlässliche Thermik-Düse im Salzkammergut.;Kitesurfen am Traunsee in Ebensee (Österreich);Der Traunsee in Ebensee (Rindbach) ist berühmt für seine "Urfahrn"-Thermie. Bei stabilem Schönwetter baut sich durch die Aufheizung der steilen Felswände des Traunsteins ab ca. 4 Uhr morgens (!) ein extrem treuer und starker thermischer Wind auf. Das Wasser ist spiegelglatt und glasklar – ein Traum für Foiler und Freerider.;Optimal bei thermischem Südwestsüdwind (Morgenwind) oder starkem Nordwind am Nachmittag.;Der Morgenwind schaltet meist pünktlich gegen 8:00 Uhr morgens wieder ab – Wer zu spät kommt, verpasst die Session. Kein Stehrevier, tiefes und kaltes Bergwasser. Der Einstiegsbereich in Rindbach ist reglementiert und erfordert eine Registrierung.
89;wolfgangsee-gamsjaga;Wolfgangsee - Gamsjaga (AT);47.7428;13.4336;Kitespot Wolfgangsee Gamsjaga: ICON-D2 Live-Wind;Aktueller ICON-D2 Windreport für den Kitespot Gamsjaga am Wolfgangsee. Toller Foiler-Spot im Salzkammergut.;Kitesurfen am Wolfgangsee (Gamsjaga / Österreich);Der Kitespot Gamsjaga liegt am wunderschönen Wolfgangsee im Salzkammergut. Aufgrund der umliegenden Berge ist der Spot stark von lokalen Windsystemen geprägt. Bei gutem Wetter entsteht eine feine Thermik, zudem funktioniert der Spot hervorragend bei echtem Westwind. Kiter schätzen das extrem saubere Wasser und die Kulisse.;Beste Windrichtungen sind West und Nordwest. Bei Westwind zieht der Wind frei über die Bucht.;Der Einstiegsbereich an der Bundesstraße (Gamsjaga) ist extrem schmal und steinig, das Starten erfordert präzises Schirmhandling. Es gibt kein Stehrevier, weshalb der Spot besonders bei Hydrofoilern beliebt ist, die schnell vom Ufer wegkommen.
90;achensee-buchau;Achensee - Buchau (AT);47.4217;11.7064;Kitespot Achensee Buchau: ICON-D2 Windvorhersage & Guide;Hochaufgelöste ICON-D2 Windvorhersage für den Achensee (Buchau). Das Tiroler Thermik-Paradies für Kitesurfer.;Kitesurfen am Achensee in Buchau (Tirol / Österreich);Der Achensee ist das "Meer der Tiroler" und liegt eingebettet in ein gewaltiges Bergmassiv. Der Spot Buchau am Südufer profitiert bei schönem Wetter von einer verlässlichen, thermischen Nordwind-Düse am Nachmittag. Das Wasser ist kristallklar und bietet Foilern und Freeridern ein majestätisches Alpenpanorama.;Optimal bei thermischem Nordwind (Schönwetterthermik am Nachmittag). Südwind (Südföhn) funktioniert ebenfalls, ist aber sehr böig.;Das Wasser ist erfrischend kalt. Der Einstiegsbereich in Buchau ist extrem klein und das Kiten ist streng reglementiert (Start- und Landeberechtigung über den lokalen Club erforderlich). Absolut kein Anfängerspot.
91;steinhuder-meer-mardorf;Steinhuder Meer - Mardorf;52.4914;9.2936;Kitespot Steinhuder Meer Mardorf: ICON-D2 Windvorhersage;Aktuelle ICON-D2 Windvorhersage für Mardorf am Steinhuder Meer. Das riesige Stehrevier in Norddeutschland.;Kitesurfen am Steinhuder Meer (Mardorf);Das Steinhuder Meer bei Hannover ist eines der beliebtesten Binnenreviere Deutschlands. Der Spot am Nordufer in Mardorf ("Surferstrand") bietet eine riesige, flache Badewanne: Das Wasser ist fast überall stehtief, was optimale Bedingungen für Anfänger und Freestyler schafft.;Optimal bei Wind aus West, Südwest und Nordwest. Bei diesen Richtungen weht der Wind frei über die gesamte Wasserfläche.;Der Untergrund ist sehr schlammig, und es gibt eine strikte Wintersperre zum Naturschutz (meist vom 15. November bis 31. März). Das Kiten ist zudem nur in der offiziell ausgewiesenen Zone erlaubt – die Leinenlängen sind lokal reglementiert.
92;grosser-brombachsee-allmannsdorf;Grosser Brombachsee - Allmannsdorf;49.1367;10.9620;Kitespot Großer Brombachsee: ICON-D2 Wind & Spotguide;ICON-D2 Windreport für Allmannsdorf am Großen Brombachsee. Das fränkische Kitesurf-Zentrum bei Westwind.;Kitesurfen am Großen Brombachsee (Allmannsdorf);Der Große Brombachsee im Fränkischen Seenland ist das absolute Highlight für Kiter im süddeutschen Raum. Der Spot Allmannsdorf am Nordufer bietet einen feinen Sandstrand und eine riesige Wiese zum Aufbauen. Bei starkem Westwind baut sich eine ordentliche Kabbelwelle auf, die ideal für weite Schläge und Sprünge ist.;Perfekt bei Wind aus West und Nordwest. Der Wind wird durch das Tal komprimiert und kommt völlig frei an.;Es gibt kein nennenswertes Stehrevier, das Wasser wird schnell tief. Bei Ostwind ist der Spot komplett ablandig und extrem böig. Im Sommer herrscht reger Badebetrieb – die offizielle Start- und Landezone ist strikt einzuhalten (Parkplatz gebührenpflichtig).
93;altmuehlsee-schlungenhof;Altmuehlsee - Schlungenhof;49.1309;10.7345;Kitespot Altmühlsee Schlungenhof: ICON-D2 Live-Wind;Aktueller ICON-D2 Windreport für den Altmühlsee in Schlungenhof. Der flache Binnensee für Freerider.;Kitesurfen am Altmühlsee (Schlungenhof);Der Altmühlsee liegt unweit des Brombachsees und bietet eine tolle Flachwasser-Alternative. Der Einstieg am Surfzentrum Schlungenhof verfügt über eine großzügige Rasenfläche. Der See ist relativ flach (durchgehend ca. 2,5 Meter tief), wodurch das Wasser bei Wind stark kabbelig wird, aber keine riesigen Wellen entstehen. Perfekt für Freerider.;Beste Windrichtungen sind West, Südwest und Nordwest. Ostwind funktioniert ebenfalls onshore, ist aber seltener.;Durch die geringe Tiefe ist der See für Hydrofoiler mit langem Mast ungeeignet. Achte auf die große Vogelschutzinsel im Norden – das Befahren dieser Zone ist strengstens verboten und wird kontrolliert.
94;bodensee-konstanz;Bodensee - Konstanz;47.6800;9.1800;Kitespot Bodensee Konstanz: ICON-D2 Windvorhersage;Präzise ICON-D2 Winddaten für Konstanz am Bodensee. Wichtige Infos zu Bedingungen, Genehmigungen und Föhn.;Kitesurfen in Konstanz (Bodensee);Kiten in Konstanz am Bodensee bietet eine traumhafte Kulisse, ist aber anspruchsvoll. Die Spots rund um Konstanz (z. B. das Rheindelta oder ausgewiesene Strandabschnitte) funktionieren primär bei starkem Westwind nach Frontdurchgängen oder bei seltenem, heftigem Föhn aus dem Süden.;Optimal bei starkem Westwind oder Südwind (Föhn). Bei Flaute ist der See spiegelglatt und ideal für Foiler.;Das Kiten auf dem Bodensee ist streng reglementiert und erfordert in vielen Bereichen eine offizielle Genehmigung (Bodenseeschifffahrtsordnung beachten). Es gibt kaum Stehbereiche und der Wind im Uferbereich ist oft stark verwirbelt. Nur für Profis.
95;bodensee-langenargen;Bodensee - Langenargen;47.6085;9.5281;Kitespot Langenargen Bodensee: ICON-D2 Winddaten;Hochaufgelöste ICON-D2 Windvorhersage für Langenargen am Bodensee. Der Top-Spot bei Ostwind (Bise).;Kitesurfen in Langenargen (Bodensee);Langenargen am Nordufer des Bodensees ist der absolute Hotspot, wenn im Alpenraum die kalte "Bise" (Nordostwind) einsetzt. Durch die exponierte Lage weht der Wind hier dann absolut frei und konstant über den See. Der Einstieg erfolgt meist im Bereich der Flussmündung der Argen.;Hervorragend bei Wind aus Nordost (Bise) und Ost. Westwind funktioniert ebenfalls, ist aber sehr kabbelig.;Der Einstiegsbereich ist extrem steinig und bei hohem Wasserstand sehr schmal – Neoprenschuhe sind dringend empfohlen. Die Strömung im Mündungsbereich der Argen darf nicht unterschätzt werden. Keine Anfänger-Infrastruktur.
96;chiemsee-chieming;Chiemsee - Chieming;47.8926;12.5401;Kitespot Chiemsee Chieming: ICON-D2 Windreport;ICON-D2 Windreport für Chieming am Chiemsee. Der bayerische Klassiker bei Westwind vor der Alpenkulisse.;Kitesurfen am Chiemsee in Chieming;Chieming liegt am Ostufer des Chiemsees und ist der absolute Standard-Spot für bayerische Kiter, sobald eine Westwind-Front durchzieht. Der Wind weht dann völlig ungehindert über die gesamte Breite des "Bayerischen Meeres" und trifft in Chieming onshore auf den Kiesstrand. Das Panorama auf die Chiemgauer Alpen ist phänomenal.;Optimal bei Wind aus West und Nordwest. Der Wind kommt dann sehr konstant und baut eine ordentliche Kabbelwelle auf.;Der Einstieg ist steinig und das Wasser wird zügig tief. Bei Ostwind ist der Spot komplett ablandig und unfliegbar. Im Sommer teilen sich Kiter, Windsurfer und Badegäste den schmalen Strandabschnitt – Rücksichtnahme ist Pflicht.
97;ammersee-herrsching;Ammersee - Herrsching;47.9978;11.1671;Kitespot Ammersee Herrsching: ICON-D2 Live-Wind;Aktueller ICON-D2 Windreport für Herrsching am Ammersee. Infos zu Einstieg, Wind und Thermik.;Kitesurfen am Ammersee in Herrsching;Herrsching liegt in einer tiefen Bucht am Ostufer des Ammersees. Gekitet wird hier vor allem bei starkem Westwind oder bei einer seltenen thermischen Südwind-Lage am Morgen. Der Spot bietet eine schöne Uferpromenade und sauberes Wasser. Durch die Bucht ist das Wasser etwas geschützter als am offenen Chiemsee.;Beste Windrichtung ist Westwind, der voll auf die Bucht drückt, sowie Südwind.;Der Startbereich in Herrsching (z. B. am Kreuzerbecken) ist extrem eng, von Bäumen umgeben und oft von Spaziergängern frequentiert. Der Wind ist direkt am Ufer sehr böig. Nur für Kiter empfohlen, die ihren Schirm blind beherrschen.
98;baerwalder-see-boxberg;Baerwalder See - Boxberg;51.3642;14.5244;Kitespot Bärwalder See Boxberg: ICON-D2 Windvorhersage;Präzise ICON-D2 Winddaten für den Bärwalder See in der Lausitz. Der riesige Tagebausee für Freerider.;Kitesurfen am Bärwalder See (Boxberg);Der Bärwalder See in der sächsischen Lausitz ist ein gefluteter Tagebausee und der größte See Sachsens. Am Boxberger Ufer finden Kiter einen offiziellen Surfstrand mit feinem Sand vor. Das Revier ist riesig und bietet bei Wind feinstes Freeridewasser mit leichtem Chop. Perfekt für lange Schläge und Big-Air-Sessions.;Optimal bei Wind aus West, Südwest und Nordwest. Der Wind kommt über die flache Lausitzer Landschaft sehr konstant am Spot an.;Es gibt kaum ein Stehrevier, das Wasser wird sehr schnell tief (ideal für Foiler). Das Kiten ist streng auf den markierten Surfstrand beschränkt – die Naturschutzgebiete auf der gegenüberliegenden Seeseite dürfen nicht angefahren werden.
99;cospudener-see-leipzig;Cospudener See - Leipzig;51.2725;12.3364;Kitespot Cospudener See: ICON-D2 Windvorhersage & Guide;Hochaufgelöste ICON-D2 Windvorhersage für den "Cossi" in Leipzig. Der Top-Spot im Leipziger Neuseenland.;Kitesurfen am Cospudener See (Leipzig);Der Cospudener See (von Einheimischen liebevoll "Cossi" genannt) liegt direkt vor den Toren Leipzigs. Am Nordstrand bietet der See einen breiten Sandstrand und eine tolle Infrastruktur. Da der See sehr tief ist, finden Foiler hier ein perfektes Revier. Bei Starkwind baut sich ein kurzer, knackiger Chop für Sprünge auf.;Hervorragend bei Wind aus Südwest, West und Nordwest. Bei diesen Richtungen zieht der Wind frei über die Wasserfläche.;Der See ist im Sommer ein absoluter Besuchermagnet für Badegäste aus Leipzig – das Kiten ist dann nur in der ausgewiesenen Sportzone erlaubt. Bei Ostwind herrscht im Einstiegsbereich totale Windabdeckung.
100;speicherbecken-geeste;Speicherbecken Geeste - Emsland;52.5892;7.3086;Kitespot Speicherbecken Geeste: ICON-D2 Windvorhersage;Aktuelle ICON-D2 Windvorhersage für das Speicherbecken Geeste im Emsland. Alle Infos zu Einstieg, Wind und Regeln.;Kitesurfen am Speicherbecken Geeste (Emsland);Das Speicherbecken Geeste ist ein künstlich angelegter, höher gelegener See und ein echtes Windwunder im Emsland. Da der See von einem 15 Meter hohen Ringdamm umgeben ist, weht der Wind oben auf dem Wasser extrem frei und oft einen Tick stärker als im Umland. Kiter erwartet klares Wasser und ein tolles Freeride- und Foiler-Revier.;Optimal bei Wind aus West, Nordwest und Südwest. Bei diesen Richtungen zieht der Wind völlig ungehindert über die gesamte Länge des Beckens.;Es gibt kein Stehrevier, das Wasser ist sofort tief (perfekt für Hydrofoiler). Der Einstieg erfolgt über den gepflasterten Damm oder den schmalen Sandabschnitt – das Starten und Landen erfordert absolute Schirmkontrolle. Das Kiten ist nur in der offiziell ausgewiesenen Zone der Windsurfclubs erlaubt (saisonale Einschränkungen beachten).
